entry_time,entry,stop,t1,t2,bars,t1_done,last_check,exit_time,exit,reason
2024-01-23 08:55:00,17823.0,17784.423415851412,17880.864876222884,17907.868485126895,6,False,2024-01-23 13:00:00,2024-01-23 15:00:00,17906.0,time_or_ema
2024-01-25 21:08:00,18034.0,18016.985661260966,18059.52150810855,18071.431545225874,0,True,2024-01-25 21:08:00,2024-01-25 21:39:00,18071.431545225874,target
2024-01-26 21:16:00,18035.0,18010.93941912558,18071.09087131163,18087.93327792372,1,False,2024-01-26 22:00:00,2024-01-26 22:54:00,18010.93941912558,stop
2024-01-26 23:22:00,18031.0,17998.556948123587,18079.66457781462,18102.37471412811,2,False,2024-01-27 00:00:00,2024-01-27 01:00:00,18011.0,time_or_ema
2024-01-31 22:10:00,17986.0,17971.668095291312,18007.497857063034,18017.530190359113,4,True,2024-02-01 02:00:00,2024-02-01 02:40:00,17971.668095291312,stop
2024-02-02 10:14:00,18045.0,18027.65865603678,18071.01201594483,18083.150956719084,0,True,2024-02-02 10:14:00,2024-02-02 10:43:00,18083.150956719084,target
2024-02-05 10:10:00,18044.0,18026.779503088655,18069.830745367017,18081.885093204957,0,True,2024-02-05 10:10:00,2024-02-05 10:35:00,18081.885093204957,target
2024-02-19 12:12:00,18669.0,18656.419758093933,18687.870362859103,18696.67653219335,3,True,2024-02-19 16:00:00,2024-02-19 16:22:00,18656.419758093933,stop
2024-02-26 12:12:00,18930.0,18912.010585235526,18956.98412214671,18969.57671248184,0,True,2024-02-26 12:12:00,2024-02-26 12:58:00,18969.57671248184,target
2024-03-08 21:16:00,19879.0,19835.878742976474,19943.68188553529,19973.866765451756,2,True,2024-03-08 23:00:00,2024-03-08 23:06:00,19973.866765451756,target
2024-03-14 08:51:00,19936.0,19883.997633790932,20014.003549313602,20050.40520565995,1,False,2024-03-14 09:00:00,2024-03-14 09:12:00,19883.997633790932,stop
2024-03-14 13:20:00,19910.0,19885.014627913846,19947.47805812923,19964.96781858954,1,True,2024-03-14 15:00:00,2024-03-14 15:01:00,19964.96781858954,target
2024-03-20 08:52:00,19881.0,19836.13993839071,19948.29009241394,19979.69213554044,1,False,2024-03-20 08:52:00,2024-03-20 09:00:00,19831.0,time_or_ema
2024-03-21 02:06:00,19942.0,19872.19627122947,20046.705593155795,20095.568203295166,5,True,2024-03-21 09:00:00,2024-03-21 09:17:00,20095.568203295166,target
2024-03-22 12:15:00,20197.0,20163.339699151376,20247.490451272934,20271.052661866972,6,True,2024-03-22 18:00:00,2024-03-22 19:00:00,20195.0,time_or_ema
2024-03-27 11:27:00,20216.0,20192.769947968358,20250.845078047463,20267.106114469614,1,True,2024-03-27 12:00:00,2024-03-27 12:39:00,20267.106114469614,target
2024-03-28 22:29:00,20205.0,20188.232064048243,20230.151903927635,20241.889459093865,1,True,2024-03-28 23:00:00,2024-03-28 23:16:00,20241.889459093865,target
2024-03-29 08:53:00,20253.0,20211.14073949061,20315.788890764088,20345.09037312066,1,False,2024-03-29 09:00:00,2024-03-29 09:20:00,20211.14073949061,stop
2024-03-29 10:26:00,20267.0,20229.246862111802,20323.629706832297,20350.056903354034,5,True,2024-03-29 16:00:00,2024-03-29 16:58:00,20350.056903354034,target
2024-04-02 09:00:00,20385.0,20344.96402102465,20445.053968463024,20473.07915374577,2,True,2024-04-02 10:00:00,2024-04-02 10:33:00,20473.07915374577,target
2024-04-12 10:06:00,20755.0,20716.371521950194,20812.942717074708,20839.982651709575,5,False,2024-04-12 15:00:00,2024-04-12 16:00:00,20736.0,time_or_ema
2024-05-02 20:11:00,20343.0,20320.57418528442,20376.638722073374,20392.33679237428,1,True,2024-05-02 20:11:00,2024-05-02 21:00:00,20296.0,time_or_ema
2024-05-08 11:13:00,20690.0,20642.91651157902,20760.62523263147,20793.583674526155,6,False,2024-05-08 17:00:00,2024-05-08 18:00:00,20710.0,time_or_ema
2024-05-08 22:22:00,20709.0,20685.058774616606,20744.91183807509,20761.670695843466,1,False,2024-05-08 23:00:00,2024-05-08 23:15:00,20685.058774616606,stop
2024-05-10 11:15:00,20704.0,20668.819675802173,20756.77048629674,20781.39671323522,1,True,2024-05-10 12:00:00,2024-05-10 12:49:00,20781.39671323522,target
2024-05-14 21:13:00,20990.0,20961.746372710586,21032.38044093412,21052.15798003671,1,True,2024-05-14 22:00:00,2024-05-14 22:29:00,21052.15798003671,target
2024-05-20 22:17:00,21344.0,21314.41988890483,21388.37016664275,21409.07624440937,6,False,2024-05-21 03:00:00,2024-05-21 04:00:00,21359.0,time_or_ema
2024-05-24 11:19:00,21564.0,21529.49523456449,21615.757148153265,21639.910483958123,6,True,2024-05-24 17:00:00,2024-05-24 18:00:00,21603.0,time_or_ema
2024-06-07 13:07:00,21859.0,21822.906603174226,21913.14009523866,21938.405473016704,6,True,2024-06-07 19:00:00,2024-06-07 20:00:00,21788.0,time_or_ema
2024-06-14 09:09:00,22351.0,22257.582845128392,22491.12573230741,22556.517740717536,6,True,2024-06-14 15:00:00,2024-06-14 16:00:00,22450.0,time_or_ema
2024-06-14 22:18:00,22386.0,22356.03142322168,22430.952865167477,22451.930868912303,3,True,2024-06-15 01:00:00,2024-06-15 01:11:00,22451.930868912303,target
2024-06-17 09:10:00,22458.0,22411.714764258657,22527.427853612015,22559.827518630955,6,True,2024-06-17 15:00:00,2024-06-17 16:00:00,22513.0,time_or_ema
2024-06-20 09:06:00,23161.0,23093.85535973306,23261.71696040041,23308.718208587266,3,True,2024-06-20 12:00:00,2024-06-20 12:41:00,23308.718208587266,target
2024-06-21 10:06:00,23223.0,23156.686071425876,23322.470892861187,23368.890642863073,4,False,2024-06-21 13:00:00,2024-06-21 15:00:00,23042.0,time_or_ema
2024-06-25 13:11:00,22750.0,22698.2763331959,22827.58550020615,22863.79206696902,1,False,2024-06-25 13:11:00,2024-06-25 15:00:00,22637.0,time_or_ema
2024-06-27 10:08:00,22789.0,22694.596801865213,22930.60479720218,22996.68703589653,6,False,2024-06-27 16:00:00,2024-06-27 17:00:00,22885.0,time_or_ema
2024-07-01 09:14:00,23018.0,22952.69969743761,23115.950453843587,23161.66066563726,1,True,2024-07-01 10:00:00,2024-07-01 10:16:00,23161.66066563726,target
2024-07-02 22:19:00,22898.0,22846.96069521323,22974.558957180154,23010.286470530893,3,True,2024-07-03 01:00:00,2024-07-03 01:10:00,23010.286470530893,target
2024-07-11 09:28:00,24223.0,24146.17688764806,24338.23466852791,24392.010847174268,3,True,2024-07-11 12:00:00,2024-07-11 12:02:00,24392.010847174268,target
2024-07-16 09:06:00,23936.0,23838.706055072213,24081.94091739168,24150.046678841132,1,True,2024-07-16 10:00:00,2024-07-16 10:15:00,24150.046678841132,target
2024-08-12 22:07:00,21710.0,21611.263276496436,21858.105085255345,21927.22079170784,6,True,2024-08-13 03:00:00,2024-08-13 04:00:00,21798.0,time_or_ema
2024-08-13 20:06:00,21771.0,21729.877626621404,21832.683560067893,21861.46922143291,1,True,2024-08-13 21:00:00,2024-08-13 22:00:00,21861.46922143291,target
2024-08-19 10:06:00,22415.0,22354.472108140308,22505.79183778954,22548.161362091323,2,True,2024-08-19 11:00:00,2024-08-19 12:00:00,22350.0,time_or_ema
2024-08-27 13:06:00,22137.0,22097.71298297188,22195.93052554218,22223.431437461866,1,True,2024-08-27 15:00:00,2024-08-27 15:55:00,22223.431437461866,target
2024-08-29 21:12:00,22336.0,22289.640380421377,22405.539429367935,22437.99116307297,1,True,2024-08-29 22:00:00,2024-08-29 22:01:00,22437.99116307297,target
2024-08-30 12:11:00,22333.0,22280.699403076243,22411.450895385635,22448.061313232265,5,False,2024-08-30 18:00:00,2024-08-30 18:36:00,22280.699403076243,stop
2024-09-02 08:53:00,22343.0,22288.184948651928,22425.22257702211,22463.59311296576,1,True,2024-09-02 09:00:00,2024-09-02 09:53:00,22288.184948651928,stop
2024-09-12 00:06:00,21227.0,21120.533460288152,21386.69980956777,21461.226387366067,2,True,2024-09-12 02:00:00,2024-09-12 02:34:00,21461.226387366067,target
2024-09-16 12:06:00,21837.0,21805.04471134564,21884.93293298154,21907.301635039592,2,False,2024-09-16 15:00:00,2024-09-16 15:01:00,21805.04471134564,stop
2024-09-19 10:10:00,21813.0,21726.84484352439,21942.232734713412,22002.54134424634,1,True,2024-09-19 11:00:00,2024-09-19 11:51:00,22002.54134424634,target
2024-09-20 12:10:00,22265.0,22219.510987069338,22333.233519395995,22365.075828447458,1,False,2024-09-20 12:10:00,2024-09-20 13:00:00,22216.0,time_or_ema
2024-09-23 21:21:00,22295.0,22248.531819072363,22364.702271391456,22397.229998040802,6,True,2024-09-24 02:00:00,2024-09-24 03:00:00,22328.0,time_or_ema
2024-09-24 12:06:00,22338.0,22303.727471077033,22389.40879338445,22413.39956363053,1,True,2024-09-24 13:00:00,2024-09-24 13:05:00,22413.39956363053,target
2024-10-04 20:17:00,22345.0,22304.733092111415,22405.40036183288,22433.587197354886,0,True,2024-10-04 20:17:00,2024-10-04 20:37:00,22433.587197354886,target
2024-10-09 23:22:00,22750.0,22688.0714544898,22842.8928182653,22886.24280012244,6,False,2024-10-10 04:00:00,2024-10-10 05:00:00,22782.0,time_or_ema
2024-10-11 22:07:00,22939.0,22865.13457320172,23049.798140197418,23101.50393895621,6,True,2024-10-12 03:00:00,2024-10-12 04:00:00,23037.0,time_or_ema
2024-10-15 09:07:00,23149.0,23089.554747964852,23238.16787805272,23279.779554477325,0,True,2024-10-15 09:07:00,2024-10-15 09:46:00,23279.779554477325,target
2024-10-16 15:21:00,23098.0,22991.20771905614,23258.18842141579,23332.943018076494,6,False,2024-10-16 20:00:00,2024-10-16 21:00:00,23145.0,time_or_ema
2024-10-17 13:06:00,23210.0,23139.50331027393,23315.745034589105,23365.092717397358,1,True,2024-10-17 15:00:00,2024-10-17 15:01:00,23365.092717397358,target
2024-10-25 09:13:00,23380.0,23282.557969476857,23526.163045784713,23594.372467150915,2,False,2024-10-25 10:00:00,2024-10-25 11:00:00,23302.0,time_or_ema
2024-10-25 13:06:00,23368.0,23317.24762511007,23444.128562334896,23479.655224757844,0,True,2024-10-25 13:06:00,2024-10-25 13:45:00,23479.655224757844,target
2024-11-05 22:09:00,23076.0,23027.3804283897,23148.92935741545,23182.96305754266,0,True,2024-11-05 22:09:00,2024-11-05 22:49:00,23182.96305754266,target
2024-12-04 11:13:00,23147.0,23112.890081311154,23198.16487803327,23222.04182111546,1,True,2024-12-04 12:00:00,2024-12-04 12:45:00,23222.04182111546,target
2025-01-03 08:52:00,22972.0,22895.313934503058,23087.029098245413,23140.709344093273,6,True,2025-01-03 13:00:00,2025-01-03 15:00:00,22997.0,time_or_ema
2025-01-20 09:13:00,23318.0,23247.16831833733,23424.247522494003,23473.829699657872,6,False,2025-01-20 15:00:00,2025-01-20 16:00:00,23336.0,time_or_ema
2025-01-20 22:18:00,23351.0,23315.162180421336,23404.756729367997,23429.843203073062,0,True,2025-01-20 22:18:00,2025-01-20 22:45:00,23429.843203073062,target
2025-02-07 09:07:00,23357.0,23278.753400066,23474.369899900998,23529.142519854795,6,True,2025-02-07 15:00:00,2025-02-07 16:00:00,23480.0,time_or_ema
2025-02-07 21:18:00,23475.0,23401.39953694447,23585.400694583295,23636.921018722165,2,False,2025-02-07 22:00:00,2025-02-07 23:00:00,23296.0,time_or_ema
2025-02-11 23:22:00,23337.0,23297.616877283446,23396.074684074832,23423.64286997642,0,True,2025-02-11 23:22:00,2025-02-11 23:58:00,23423.64286997642,target
2025-02-13 11:09:00,23373.0,23341.103072226484,23420.845391660274,23443.173241101736,3,True,2025-02-13 13:00:00,2025-02-13 15:00:00,23361.0,time_or_ema
2025-02-18 10:24:00,23523.0,23494.149286861833,23566.27606970725,23586.471568903966,2,True,2025-02-18 12:00:00,2025-02-18 12:36:00,23586.471568903966,target
2025-02-19 09:16:00,23628.0,23582.79548248958,23695.806776265632,23727.44993852293,1,False,2025-02-19 10:00:00,2025-02-19 10:27:00,23582.79548248958,stop
2025-02-19 11:08:00,23664.0,23604.139982350705,23753.790026473944,23795.69203882845,1,False,2025-02-19 12:00:00,2025-02-19 12:41:00,23604.139982350705,stop
2025-02-19 15:29:00,23642.0,23605.37497858036,23696.93753212946,23722.57504712321,3,False,2025-02-19 18:00:00,2025-02-19 18:46:00,23605.37497858036,stop
2025-02-20 16:07:00,23576.0,23530.887180069392,23643.66922989591,23675.248203847335,6,True,2025-02-20 21:00:00,2025-02-20 22:00:00,23533.0,time_or_ema
2025-02-26 10:19:00,23261.0,23209.38495458791,23338.422568118134,23374.5530999066,3,True,2025-02-26 13:00:00,2025-02-26 13:05:00,23374.5530999066,target
2025-02-26 22:30:00,23407.0,23354.603903586034,23485.594144620947,23522.271412110724,1,True,2025-02-26 23:00:00,2025-02-26 23:19:00,23522.271412110724,target
2025-04-24 21:32:00,19591.0,19524.056302730867,19691.4155459037,19738.27613399209,1,True,2025-04-24 22:00:00,2025-04-24 22:28:00,19738.27613399209,target
2025-04-26 00:13:00,19880.0,19839.666640315216,19940.500039527178,19968.733391306527,0,True,2025-04-26 00:13:00,2025-04-26 00:36:00,19968.733391306527,target
2025-04-29 09:06:00,20041.0,19949.917879714587,20177.62318042812,20241.380664627908,6,True,2025-04-29 15:00:00,2025-04-29 16:00:00,20154.0,time_or_ema
2025-04-29 22:06:00,20158.0,20088.064032911367,20262.90395063295,20311.859127594995,6,False,2025-04-30 03:00:00,2025-04-30 04:00:00,20157.0,time_or_ema
2025-04-30 13:06:00,20146.0,20111.52714975116,20197.709275373258,20221.840270547447,2,True,2025-04-30 16:00:00,2025-04-30 16:16:00,20221.840270547447,target
2025-05-06 10:08:00,20399.0,20326.325812817955,20508.01128077307,20558.883211800498,3,False,2025-05-06 12:00:00,2025-05-06 13:00:00,20340.0,time_or_ema
2025-05-08 08:53:00,20498.0,20432.969192966324,20595.546210550514,20641.067775474086,1,True,2025-05-08 09:00:00,2025-05-08 09:13:00,20641.067775474086,target
2025-05-09 10:09:00,20660.0,20601.94588058369,20747.081179124463,20787.719062715878,1,True,2025-05-09 11:00:00,2025-05-09 11:53:00,20787.719062715878,target
2025-05-16 00:10:00,21768.0,21718.990802706547,21841.51379594018,21875.820234045597,3,False,2025-05-16 03:00:00,2025-05-16 03:27:00,21718.990802706547,stop
2025-05-21 09:12:00,21658.0,21576.13401060677,21780.798984089844,21838.105176665107,4,True,2025-05-21 13:00:00,2025-05-21 13:03:00,21838.105176665107,target
2025-05-21 23:08:00,21680.0,21638.982913786844,21741.525629319734,21770.237589668945,2,False,2025-05-22 00:00:00,2025-05-22 01:00:00,21500.0,time_or_ema
2025-05-27 22:14:00,21347.0,21283.67197349637,21441.992039755445,21486.321658307985,6,False,2025-05-28 03:00:00,2025-05-28 04:00:00,21400.0,time_or_ema
2025-06-03 21:41:00,21106.0,21053.249845951264,21185.125231073103,21222.05033890722,2,True,2025-06-03 23:00:00,2025-06-03 23:37:00,21222.05033890722,target
2025-06-05 20:08:00,21580.0,21553.13257114311,21620.30114328534,21639.10834348516,0,True,2025-06-05 20:08:00,2025-06-05 20:50:00,21639.10834348516,target
2025-06-09 08:51:00,21753.0,21645.135515911865,21914.796726132205,21990.301864993897,1,False,2025-06-09 09:00:00,2025-06-09 09:31:00,21645.135515911865,stop
2025-06-09 11:36:00,21692.0,21650.183355852176,21754.724966221736,21783.996617125213,6,True,2025-06-09 17:00:00,2025-06-09 18:00:00,21767.0,time_or_ema
2025-06-09 22:06:00,21751.0,21726.93194229732,21787.10208655402,21803.949726945895,0,True,2025-06-09 22:06:00,2025-06-09 22:22:00,21803.949726945895,target
2025-06-27 23:07:00,22147.0,22113.60845034676,22197.087324479857,22220.461409237127,2,True,2025-06-28 01:00:00,2025-06-28 01:57:00,22113.60845034676,stop
2025-07-02 22:07:00,22391.0,22343.530057137163,22462.204914294256,22495.433874298244,2,True,2025-07-03 00:00:00,2025-07-03 00:23:00,22495.433874298244,target
2025-07-16 20:17:00,22909.0,22889.473761631005,22938.28935755349,22951.95772441179,0,True,2025-07-16 20:17:00,2025-07-16 20:48:00,22951.95772441179,target
2025-07-17 11:07:00,22942.0,22912.731762889212,22985.90235566618,23006.390121643733,1,True,2025-07-17 12:00:00,2025-07-17 12:53:00,23006.390121643733,target
2025-07-23 09:09:00,23169.0,23058.796513881516,23334.305229177728,23411.447669460664,6,False,2025-07-23 15:00:00,2025-07-23 16:00:00,23224.0,time_or_ema
2025-07-30 08:52:00,23290.0,23198.199355885234,23427.70096617215,23491.961417052487,1,False,2025-07-30 09:00:00,2025-07-30 09:32:00,23198.199355885234,stop
2025-08-04 10:13:00,23230.0,23156.03679451779,23340.944808223314,23392.719052060864,6,False,2025-08-04 16:00:00,2025-08-04 17:00:00,23303.0,time_or_ema
2025-08-08 12:08:00,23975.0,23953.54842683315,24007.177359750276,24022.19346096707,0,True,2025-08-08 12:08:00,2025-08-08 12:31:00,24022.19346096707,target
2025-08-11 10:19:00,23992.0,23962.201367424517,24036.697948863224,24057.55699166606,0,True,2025-08-11 10:19:00,2025-08-11 10:44:00,24057.55699166606,target
2025-08-11 21:15:00,24126.0,24090.2963346694,24179.555497995898,24204.548063727318,5,True,2025-08-12 02:00:00,2025-08-12 02:45:00,24090.2963346694,stop
2025-08-12 11:07:00,24132.0,24097.25954451484,24184.11068322774,24208.42900206735,1,True,2025-08-12 12:00:00,2025-08-12 12:33:00,24208.42900206735,target
2025-08-12 20:14:00,24158.0,24139.509604203235,24185.73559369515,24198.678870752883,0,True,2025-08-12 20:14:00,2025-08-12 20:31:00,24198.678870752883,target
2025-08-15 11:06:00,24299.0,24269.319734996254,24343.52039750562,24364.296583008243,0,True,2025-08-15 11:06:00,2025-08-15 11:46:00,24364.296583008243,target
2025-08-22 22:07:00,23997.0,23839.279722364536,24233.580416453195,24343.984610798023,6,False,2025-08-23 03:00:00,2025-08-23 04:00:00,24113.0,time_or_ema
2025-08-25 21:26:00,24175.0,24126.835880135644,24247.246179796533,24280.961063701583,6,True,2025-08-26 02:00:00,2025-08-26 03:00:00,24160.0,time_or_ema
2025-08-26 12:06:00,24198.0,24152.28579887459,24266.571301688116,24298.571242475904,6,True,2025-08-26 18:00:00,2025-08-26 19:00:00,24266.0,time_or_ema
2025-08-28 22:07:00,24365.0,24310.71095906025,24446.433561409627,24484.435890067452,6,False,2025-08-29 03:00:00,2025-08-29 04:00:00,24413.0,time_or_ema
2025-08-29 08:51:00,24440.0,24365.50921465623,24551.736178015653,24603.87972775629,1,False,2025-08-29 08:51:00,2025-08-29 09:00:00,24337.0,time_or_ema
2025-09-03 09:10:00,24008.0,23889.361434949933,24185.9578475751,24269.004843110146,6,False,2025-09-03 15:00:00,2025-09-03 16:00:00,24092.0,time_or_ema
2025-09-09 21:11:00,24783.0,24739.853920726306,24847.719118910543,24877.92137440213,3,True,2025-09-10 00:00:00,2025-09-10 00:07:00,24877.92137440213,target
2025-09-12 13:09:00,25430.0,25391.128459610434,25488.30731058435,25515.517388857046,1,False,2025-09-12 13:09:00,2025-09-12 15:00:00,25367.0,time_or_ema
2025-09-15 08:57:00,25438.0,25375.71425085673,25531.428623714906,25575.028648115192,1,False,2025-09-15 08:57:00,2025-09-15 09:00:00,25354.0,time_or_ema
2025-09-15 21:13:00,25385.0,25347.133061770146,25441.80040734478,25468.30726410568,6,True,2025-09-16 02:00:00,2025-09-16 03:00:00,25429.0,time_or_ema
2025-09-16 09:06:00,25533.0,25415.27565822918,25709.586512656228,25791.993551895805,6,False,2025-09-16 15:00:00,2025-09-16 16:00:00,25638.0,time_or_ema
2025-09-18 22:06:00,25732.0,25673.11748109239,25820.323778361413,25861.54154159674,3,True,2025-09-19 01:00:00,2025-09-19 01:24:00,25861.54154159674,target
2025-09-22 10:21:00,25805.0,25759.086940003206,25873.869589995193,25906.008731992948,0,True,2025-09-22 10:21:00,2025-09-22 10:58:00,25906.008731992948,target
2025-09-22 22:06:00,25856.0,25822.566035277738,25906.15094708339,25929.554722388977,2,True,2025-09-23 00:00:00,2025-09-23 00:05:00,25929.554722388977,target
2025-10-01 09:07:00,26146.0,26044.602196224518,26298.09670566322,26369.075168306063,0,True,2025-10-01 09:07:00,2025-10-01 09:42:00,26369.075168306063,target
2025-10-08 12:06:00,27108.0,27061.918821561318,27177.121767658024,27209.378592565103,2,False,2025-10-08 15:00:00,2025-10-08 15:01:00,27061.918821561318,stop
2025-10-20 08:59:00,27580.0,27409.829739209687,27835.25539118547,27954.37457373869,6,False,2025-10-20 13:00:00,2025-10-20 15:00:00,27821.0,time_or_ema
2025-10-29 00:07:00,28131.0,28077.249396756237,28211.625904865643,28249.25132713628,2,True,2025-10-29 02:00:00,2025-10-29 02:21:00,28249.25132713628,target
2025-10-30 09:00:00,28442.0,28372.917466288243,28545.623800567635,28593.981574165864,1,False,2025-10-30 09:00:00,2025-10-30 09:00:00,28368.0,time_or_ema
2025-11-04 00:06:00,28424.0,28388.486033176356,28477.270950235466,28502.130727012016,0,True,2025-11-04 00:06:00,2025-11-04 00:59:00,28502.130727012016,target
2025-11-11 11:06:00,28007.0,27947.7478682877,28095.878197568447,28137.354689767057,1,False,2025-11-11 11:06:00,2025-11-11 12:00:00,27930.0,time_or_ema
2025-11-12 10:09:00,27983.0,27906.820173819306,28097.26973927104,28150.595617597526,6,True,2025-11-12 16:00:00,2025-11-12 17:00:00,28148.0,time_or_ema
2025-12-04 13:06:00,27775.0,27733.654555147245,27837.018167279133,27865.959978676063,6,True,2025-12-04 19:00:00,2025-12-04 20:00:00,27829.0,time_or_ema
2025-12-08 09:31:00,28074.0,27997.033521199824,28189.449718200263,28243.326253360385,1,True,2025-12-08 10:00:00,2025-12-08 10:49:00,28243.326253360385,target
2025-12-09 12:07:00,28237.0,28199.77237492923,28292.841437606156,28318.900775155693,1,False,2025-12-09 12:07:00,2025-12-09 13:00:00,28222.0,time_or_ema
2025-12-10 00:10:00,28265.0,28203.193601543026,28357.70959768546,28400.974076605344,6,False,2025-12-10 05:00:00,2025-12-10 08:00:00,28294.0,time_or_ema
2025-12-11 03:07:00,28467.0,28392.518220353355,28578.722669469968,28630.85991522262,1,True,2025-12-11 04:00:00,2025-12-11 04:13:00,28630.85991522262,target
2025-12-19 11:12:00,27858.0,27796.302753048552,27950.545870427173,27993.733943293184,6,True,2025-12-19 17:00:00,2025-12-19 18:00:00,27929.0,time_or_ema
2025-12-19 22:17:00,27951.0,27899.9027492963,28027.64587605555,28063.41395154814,0,True,2025-12-19 22:17:00,2025-12-19 22:43:00,28063.41395154814,target
2025-12-29 09:12:00,28765.0,28698.93653334223,28864.09519998666,28910.3396266471,0,True,2025-12-29 09:12:00,2025-12-29 09:52:00,28910.3396266471,target
2025-12-30 11:15:00,28822.0,28789.65067213903,28870.52399179146,28893.168521294137,0,True,2025-12-30 11:15:00,2025-12-30 11:47:00,28893.168521294137,target
2025-12-30 22:13:00,28899.0,28845.540462097335,28979.189306853998,29016.610983385865,6,False,2025-12-31 03:00:00,2025-12-31 04:00:00,28880.0,time_or_ema
2026-01-02 08:51:00,29090.0,29013.11851977211,29205.322220341834,29259.13925650136,2,True,2026-01-02 10:00:00,2026-01-02 10:07:00,29259.13925650136,target
2026-01-09 22:34:00,30545.0,30474.465333048538,30650.802000427193,30700.176267293216,2,True,2026-01-10 00:00:00,2026-01-10 00:20:00,30700.176267293216,target
2026-01-12 11:14:00,30660.0,30614.89358352081,30727.659624718784,30759.234116254218,2,True,2026-01-12 13:00:00,2026-01-12 13:11:00,30759.234116254218,target
2026-01-13 21:09:00,30915.0,30876.04999285578,30973.42501071633,31000.690015717282,0,True,2026-01-13 21:09:00,2026-01-13 21:31:00,31000.690015717282,target
2026-01-14 00:30:00,31020.0,30931.242213667694,31153.136679498457,31215.26712993107,4,False,2026-01-14 04:00:00,2026-01-14 04:24:00,30931.242213667694,stop
2026-01-15 13:07:00,30925.0,30860.417531090934,31021.8737033636,31067.081431599945,1,True,2026-01-15 15:00:00,2026-01-15 15:01:00,31067.081431599945,target
2026-01-19 10:15:00,31434.0,31359.423964264544,31545.86405360318,31598.067278618004,1,True,2026-01-19 11:00:00,2026-01-19 11:46:00,31598.067278618004,target
2026-01-20 10:11:00,31565.0,31499.49470224009,31663.257946639867,31709.111655071807,0,True,2026-01-20 10:11:00,2026-01-20 10:48:00,31709.111655071807,target
2026-01-21 21:08:00,31531.0,31443.587207828627,31662.11918825706,31723.308142777023,2,True,2026-01-21 23:00:00,2026-01-21 23:17:00,31723.308142777023,target
2026-01-26 22:23:00,32196.0,32141.478419373194,32277.782370940207,32315.947477378973,1,True,2026-01-26 23:00:00,2026-01-26 23:07:00,32315.947477378973,target
2026-02-02 22:30:00,31932.0,31866.0364035178,32030.9453947233,32077.11991226084,0,True,2026-02-02 22:30:00,2026-02-02 22:37:00,32077.11991226084,target
2026-02-03 12:19:00,32170.0,32094.280659679192,32283.57901048121,32336.582548705777,2,True,2026-02-03 15:00:00,2026-02-03 15:02:00,32336.582548705777,target
2026-02-06 01:24:00,31905.0,31804.83003668002,32055.25494497997,32125.373919303955,1,False,2026-02-06 01:24:00,2026-02-06 02:00:00,31818.0,time_or_ema
2026-02-09 22:24:00,32554.0,32463.779088835665,32689.331366746505,32752.48600456154,0,True,2026-02-09 22:24:00,2026-02-09 22:43:00,32752.48600456154,target
2026-02-10 22:10:00,33397.0,33157.62355069909,33756.06467395136,33923.628188462,6,False,2026-02-11 03:00:00,2026-02-11 04:00:00,33269.0,time_or_ema
2026-02-11 09:06:00,33430.0,33260.71506564879,33683.92740152682,33802.42685557267,1,True,2026-02-11 10:00:00,2026-02-11 10:59:00,33802.42685557267,target
2026-02-23 15:15:00,34075.0,33919.425323234536,34308.362015148195,34417.26428888402,6,False,2026-02-23 20:00:00,2026-02-23 21:00:00,34105.0,time_or_ema
2026-02-25 09:17:00,35192.0,35032.50214097483,35431.246788537755,35542.895289855376,1,True,2026-02-25 10:00:00,2026-02-25 10:22:00,35542.895289855376,target
2026-02-26 10:11:00,35579.0,35477.30497367887,35731.5425394817,35802.729057906494,5,True,2026-02-26 16:00:00,2026-02-26 16:07:00,35802.729057906494,target
