ts,equity,equity_unit,ret_1d,drawdown,benchmark_equity,benchmark_ret_1d
2026-03-04T05:00:00+00:00,1.0,index,0.0,0.0,,
2026-03-04T06:00:00+00:00,1.0,index,0.0,0.0,,
2026-03-04T07:00:00+00:00,1.004180065341255,index,0.0041800653412549585,0.0,,
2026-03-04T08:00:00+00:00,1.0178407141236894,index,0.013603784076107982,0.0,,
2026-03-04T09:00:00+00:00,1.0388944097348018,index,0.0206846663912816,0.0,,
2026-03-04T10:00:00+00:00,1.0459576995510889,index,0.006798852462869818,0.0,,
2026-03-04T11:00:00+00:00,1.0435747960603736,index,-0.002278202542739504,0.002278202542739504,,
2026-03-04T12:00:00+00:00,1.0402811086935513,index,-0.0031561584078653045,0.005427170582494721,,
2026-03-04T13:00:00+00:00,1.0434472197561686,index,0.003043514907805516,0.002400173349264231,,
2026-03-04T14:00:00+00:00,1.0453532374749699,index,0.001826654652687368,0.000577902984392553,,
2026-03-04T15:00:00+00:00,1.0473481425970272,index,0.0019083550426226236,0.0,,
2026-03-04T16:00:00+00:00,1.071973697386087,index,0.023512291460218396,0.0,,
2026-03-04T17:00:00+00:00,1.0705588484384747,index,-0.0013198541634577177,0.0013198541634577177,,
2026-03-04T18:00:00+00:00,1.0695062052588877,index,-0.0009832651246797673,0.0023018215215688934,,
2026-03-04T19:00:00+00:00,1.076087062507426,index,0.006153173507717284,0.0,,
2026-03-04T20:00:00+00:00,1.0749523267494812,index,-0.0010545018126142947,0.0010545018126142947,,
2026-03-04T21:00:00+00:00,1.066743346253475,index,-0.007636599588401308,0.008683048592907423,,
2026-03-04T22:00:00+00:00,1.0707653279134326,index,0.003770336767586307,0.004945449842685694,,
2026-03-04T23:00:00+00:00,1.062391468911231,index,-0.007820442802830924,0.012727217037887624,,
2026-03-05T00:00:00+00:00,1.0618494082882557,index,-0.0005102268220684965,0.013230950092453104,,
2026-03-05T01:00:00+00:00,1.0631420890576022,index,0.0012173861559430857,0.012029671111982545,,
2026-03-05T02:00:00+00:00,1.060073740271577,index,-0.0028861135473859144,0.01488106566260157,,
2026-03-05T03:00:00+00:00,1.0596225084303996,index,-0.0004256608045604071,0.015300392180779316,,
2026-03-05T04:00:00+00:00,1.0595075510867196,index,-0.00010848895976212146,0.015407221216909793,,
2026-03-05T05:00:00+00:00,1.0639146190475215,index,0.004159543701488328,0.011311764525391699,,
2026-03-05T06:00:00+00:00,1.0583185953994874,index,-0.00525984279926904,0.016512109221474832,,
2026-03-05T07:00:00+00:00,1.0583185953994874,index,0.0,0.016512109221474832,,
2026-03-05T08:00:00+00:00,1.0583185953994874,index,0.0,0.016512109221474832,,
2026-03-05T09:00:00+00:00,1.0583185953994874,index,0.0,0.016512109221474832,,
2026-03-05T10:00:00+00:00,1.0583185953994874,index,0.0,0.016512109221474832,,
2026-03-05T11:00:00+00:00,1.0692416019427058,index,0.010321094791965944,0.006361437473999023,,
2026-03-05T12:00:00+00:00,1.0627601595787088,index,-0.006061719215021905,0.012384595441249629,,
2026-03-05T13:00:00+00:00,1.0624167093027361,index,-0.0003231681888685649,0.012703761322839575,,
2026-03-05T14:00:00+00:00,1.0566225784802448,index,-0.005453727122095026,0.01808820559725561,,
2026-03-05T15:00:00+00:00,1.0585612162366425,index,0.0018347495083684722,0.01628664341521397,,
2026-03-05T16:00:00+00:00,1.0585612162366425,index,0.0,0.01628664341521397,,
2026-03-05T17:00:00+00:00,1.0585612162366425,index,0.0,0.01628664341521397,,
2026-03-05T18:00:00+00:00,1.0585612162366425,index,0.0,0.01628664341521397,,
2026-03-05T19:00:00+00:00,1.0585612162366425,index,0.0,0.01628664341521397,,
2026-03-05T20:00:00+00:00,1.0585612162366425,index,0.0,0.01628664341521397,,
2026-03-05T21:00:00+00:00,1.0585612162366425,index,0.0,0.01628664341521397,,
2026-03-05T22:00:00+00:00,1.0585612162366425,index,0.0,0.01628664341521397,,
2026-03-05T23:00:00+00:00,1.0585612162366425,index,0.0,0.01628664341521397,,
2026-03-06T00:00:00+00:00,1.0585612162366425,index,0.0,0.01628664341521397,,
2026-03-06T01:00:00+00:00,1.0585612162366425,index,0.0,0.01628664341521397,,
2026-03-06T02:00:00+00:00,1.0585612162366425,index,0.0,0.01628664341521397,,
2026-03-06T03:00:00+00:00,1.0585612162366425,index,0.0,0.01628664341521397,,
2026-03-06T04:00:00+00:00,1.0585612162366425,index,0.0,0.01628664341521397,,
2026-03-06T05:00:00+00:00,1.0585612162366425,index,0.0,0.01628664341521397,,
2026-03-06T06:00:00+00:00,1.0585612162366425,index,0.0,0.01628664341521397,,
2026-03-06T07:00:00+00:00,1.0585612162366425,index,0.0,0.01628664341521397,,
2026-03-06T08:00:00+00:00,1.0585612162366425,index,0.0,0.01628664341521397,,
2026-03-06T09:00:00+00:00,1.0585612162366425,index,0.0,0.01628664341521397,,
2026-03-06T10:00:00+00:00,1.0585612162366425,index,0.0,0.01628664341521397,,
2026-03-06T11:00:00+00:00,1.0585612162366425,index,0.0,0.01628664341521397,,
2026-03-06T12:00:00+00:00,1.0585612162366425,index,0.0,0.01628664341521397,,
2026-03-06T13:00:00+00:00,1.0585612162366425,index,0.0,0.01628664341521397,,
2026-03-06T14:00:00+00:00,1.0585612162366425,index,0.0,0.01628664341521397,,
2026-03-06T15:00:00+00:00,1.0585612162366425,index,0.0,0.01628664341521397,,
2026-03-06T16:00:00+00:00,1.0585612162366425,index,0.0,0.01628664341521397,,
2026-03-06T17:00:00+00:00,1.0585612162366425,index,0.0,0.01628664341521397,,
2026-03-06T18:00:00+00:00,1.0585612162366425,index,0.0,0.01628664341521397,,
2026-03-06T19:00:00+00:00,1.0585612162366425,index,0.0,0.01628664341521397,,
2026-03-06T20:00:00+00:00,1.0585612162366425,index,0.0,0.01628664341521397,,
2026-03-06T21:00:00+00:00,1.0585612162366425,index,0.0,0.01628664341521397,,
2026-03-06T22:00:00+00:00,1.0585612162366425,index,0.0,0.01628664341521397,,
2026-03-06T23:00:00+00:00,1.0585612162366425,index,0.0,0.01628664341521397,,
2026-03-07T00:00:00+00:00,1.0585612162366425,index,0.0,0.01628664341521397,,
2026-03-07T01:00:00+00:00,1.0585612162366425,index,0.0,0.01628664341521397,,
2026-03-07T02:00:00+00:00,1.0585612162366425,index,0.0,0.01628664341521397,,
2026-03-07T03:00:00+00:00,1.0585612162366425,index,0.0,0.01628664341521397,,
2026-03-07T04:00:00+00:00,1.0585612162366425,index,0.0,0.01628664341521397,,
2026-03-07T05:00:00+00:00,1.0585612162366425,index,0.0,0.01628664341521397,,
2026-03-07T06:00:00+00:00,1.0585612162366425,index,0.0,0.01628664341521397,,
2026-03-07T07:00:00+00:00,1.0585612162366425,index,0.0,0.01628664341521397,,
2026-03-07T08:00:00+00:00,1.0585612162366425,index,0.0,0.01628664341521397,,
2026-03-07T09:00:00+00:00,1.0585612162366425,index,0.0,0.01628664341521397,,
2026-03-07T10:00:00+00:00,1.0585612162366425,index,0.0,0.01628664341521397,,
2026-03-07T11:00:00+00:00,1.0585612162366425,index,0.0,0.01628664341521397,,
2026-03-07T12:00:00+00:00,1.0585612162366425,index,0.0,0.01628664341521397,,
2026-03-07T13:00:00+00:00,1.0585612162366425,index,0.0,0.01628664341521397,,
2026-03-07T14:00:00+00:00,1.0585612162366425,index,0.0,0.01628664341521397,,
2026-03-07T15:00:00+00:00,1.0585612162366425,index,0.0,0.01628664341521397,,
2026-03-07T16:00:00+00:00,1.0585612162366425,index,0.0,0.01628664341521397,,
2026-03-07T17:00:00+00:00,1.0585612162366425,index,0.0,0.01628664341521397,,
2026-03-07T18:00:00+00:00,1.0585612162366425,index,0.0,0.01628664341521397,,
2026-03-07T19:00:00+00:00,1.0585612162366425,index,0.0,0.01628664341521397,,
2026-03-07T20:00:00+00:00,1.0585612162366425,index,0.0,0.01628664341521397,,
2026-03-07T21:00:00+00:00,1.0585612162366425,index,0.0,0.01628664341521397,,
2026-03-07T22:00:00+00:00,1.0585612162366425,index,0.0,0.01628664341521397,,
2026-03-07T23:00:00+00:00,1.0585612162366425,index,0.0,0.01628664341521397,,
2026-03-08T00:00:00+00:00,1.0585612162366425,index,0.0,0.01628664341521397,,
2026-03-08T01:00:00+00:00,1.0585612162366425,index,0.0,0.01628664341521397,,
2026-03-08T02:00:00+00:00,1.0585612162366425,index,0.0,0.01628664341521397,,
2026-03-08T03:00:00+00:00,1.0585612162366425,index,0.0,0.01628664341521397,,
2026-03-08T04:00:00+00:00,1.0585612162366425,index,0.0,0.01628664341521397,,
2026-03-08T05:00:00+00:00,1.0585612162366425,index,0.0,0.01628664341521397,,
2026-03-08T06:00:00+00:00,1.0585612162366425,index,0.0,0.01628664341521397,,
2026-03-08T07:00:00+00:00,1.0585612162366425,index,0.0,0.01628664341521397,,
2026-03-08T08:00:00+00:00,1.0585612162366425,index,0.0,0.01628664341521397,,
2026-03-08T09:00:00+00:00,1.0585612162366425,index,0.0,0.01628664341521397,,
2026-03-08T10:00:00+00:00,1.0585612162366425,index,0.0,0.01628664341521397,,
2026-03-08T11:00:00+00:00,1.0585612162366425,index,0.0,0.01628664341521397,,
2026-03-08T12:00:00+00:00,1.0585612162366425,index,0.0,0.01628664341521397,,
2026-03-08T13:00:00+00:00,1.0585612162366425,index,0.0,0.01628664341521397,,
2026-03-08T14:00:00+00:00,1.0585612162366425,index,0.0,0.01628664341521397,,
2026-03-08T15:00:00+00:00,1.0585612162366425,index,0.0,0.01628664341521397,,
2026-03-08T16:00:00+00:00,1.0585612162366425,index,0.0,0.01628664341521397,,
2026-03-08T17:00:00+00:00,1.0585612162366425,index,0.0,0.01628664341521397,,
2026-03-08T18:00:00+00:00,1.0585612162366425,index,0.0,0.01628664341521397,,
2026-03-08T19:00:00+00:00,1.0585612162366425,index,0.0,0.01628664341521397,,
2026-03-08T20:00:00+00:00,1.0585612162366425,index,0.0,0.01628664341521397,,
2026-03-08T21:00:00+00:00,1.0585612162366425,index,0.0,0.01628664341521397,,
2026-03-08T22:00:00+00:00,1.0585612162366425,index,0.0,0.01628664341521397,,
2026-03-08T23:00:00+00:00,1.0585612162366425,index,0.0,0.01628664341521397,,
2026-03-09T00:00:00+00:00,1.0585612162366425,index,0.0,0.01628664341521397,,
2026-03-09T01:00:00+00:00,1.0585612162366425,index,0.0,0.01628664341521397,,
2026-03-09T02:00:00+00:00,1.0585612162366425,index,0.0,0.01628664341521397,,
2026-03-09T03:00:00+00:00,1.0585612162366425,index,0.0,0.01628664341521397,,
2026-03-09T04:00:00+00:00,1.0585612162366425,index,0.0,0.01628664341521397,,
2026-03-09T05:00:00+00:00,1.0585612162366425,index,0.0,0.01628664341521397,,
2026-03-09T06:00:00+00:00,1.0585612162366425,index,0.0,0.01628664341521397,,
2026-03-09T07:00:00+00:00,1.0585612162366425,index,0.0,0.01628664341521397,,
2026-03-09T08:00:00+00:00,1.0585612162366425,index,0.0,0.01628664341521397,,
2026-03-09T09:00:00+00:00,1.0585612162366425,index,0.0,0.01628664341521397,,
2026-03-09T10:00:00+00:00,1.0585612162366425,index,0.0,0.01628664341521397,,
2026-03-09T11:00:00+00:00,1.0585612162366425,index,0.0,0.01628664341521397,,
2026-03-09T12:00:00+00:00,1.0585612162366425,index,0.0,0.01628664341521397,,
2026-03-09T13:00:00+00:00,1.0585612162366425,index,0.0,0.01628664341521397,,
2026-03-09T14:00:00+00:00,1.0585612162366425,index,0.0,0.01628664341521397,,
2026-03-09T15:00:00+00:00,1.0585612162366425,index,0.0,0.01628664341521397,,
2026-03-09T16:00:00+00:00,1.0585612162366425,index,0.0,0.01628664341521397,,
2026-03-09T17:00:00+00:00,1.0585612162366425,index,0.0,0.01628664341521397,,
2026-03-09T18:00:00+00:00,1.0585612162366425,index,0.0,0.01628664341521397,,
2026-03-09T19:00:00+00:00,1.0585612162366425,index,0.0,0.01628664341521397,,
2026-03-09T20:00:00+00:00,1.0585612162366425,index,0.0,0.01628664341521397,,
2026-03-09T21:00:00+00:00,1.0585612162366425,index,0.0,0.01628664341521397,,
2026-03-09T22:00:00+00:00,1.0585612162366425,index,0.0,0.01628664341521397,,
2026-03-09T23:00:00+00:00,1.0585612162366425,index,0.0,0.01628664341521397,,
2026-03-10T00:00:00+00:00,1.0585612162366425,index,0.0,0.01628664341521397,,
2026-03-10T01:00:00+00:00,1.069106515520205,index,0.00996191729095531,0.006486972318908305,,
2026-03-10T02:00:00+00:00,1.0705990272665713,index,0.0013960365264822445,0.005099991842729535,,
2026-03-10T03:00:00+00:00,1.085314751032381,index,0.013745317706276702,0.0,,
2026-03-10T04:00:00+00:00,1.0730688550152105,index,-0.011283266909918958,0.011283266909918958,,
2026-03-10T05:00:00+00:00,1.0824203193964281,index,0.008714691827566937,0.0026669052762801483,,
2026-03-10T06:00:00+00:00,1.0809427851159499,index,-0.0013650282187072924,0.004028293094028699,,
2026-03-10T07:00:00+00:00,1.0800640586464165,index,-0.0008129259768722837,0.004837944366802392,,
2026-03-10T08:00:00+00:00,1.0872634211330297,index,0.0066656810112130345,0.0,,
2026-03-10T09:00:00+00:00,1.0916746483678084,index,0.004057183520606005,0.0,,
2026-03-10T10:00:00+00:00,1.097048359551262,index,0.004922447536441452,0.0,,
2026-03-10T11:00:00+00:00,1.0926150296483763,index,-0.004041143550589705,0.004041143550589705,,
2026-03-10T12:00:00+00:00,1.0898072637373684,index,-0.0025697668756319582,0.0066005256293856845,,
2026-03-10T13:00:00+00:00,1.0889189400566832,index,-0.0008151199851969521,0.007410265394229319,,
2026-03-10T14:00:00+00:00,1.080212524594686,index,-0.00799546701019259,0.015346483871925578,,
2026-03-10T15:00:00+00:00,1.102703298103916,index,0.02082069314801611,0.0,,
2026-03-10T16:00:00+00:00,1.1009345030062152,index,-0.0016040535117125892,0.0016040535117125892,,
2026-03-10T17:00:00+00:00,1.0998062490467397,index,-0.0010248147881591425,0.00262722444211193,,
2026-03-10T18:00:00+00:00,1.093990339088861,index,-0.005288122306015136,0.007901453663951825,,
2026-03-10T19:00:00+00:00,1.093990339088861,index,0.0,0.007901453663951825,,
2026-03-10T20:00:00+00:00,1.093990339088861,index,0.0,0.007901453663951825,,
2026-03-10T21:00:00+00:00,1.093990339088861,index,0.0,0.007901453663951825,,
2026-03-10T22:00:00+00:00,1.093990339088861,index,0.0,0.007901453663951825,,
2026-03-10T23:00:00+00:00,1.093990339088861,index,0.0,0.007901453663951825,,
2026-03-11T00:00:00+00:00,1.093990339088861,index,0.0,0.007901453663951825,,
2026-03-11T01:00:00+00:00,1.093990339088861,index,0.0,0.007901453663951825,,
2026-03-11T02:00:00+00:00,1.093990339088861,index,0.0,0.007901453663951825,,
2026-03-11T03:00:00+00:00,1.093990339088861,index,0.0,0.007901453663951825,,
2026-03-11T04:00:00+00:00,1.093990339088861,index,0.0,0.007901453663951825,,
2026-03-11T05:00:00+00:00,1.093990339088861,index,0.0,0.007901453663951825,,
2026-03-11T06:00:00+00:00,1.093990339088861,index,0.0,0.007901453663951825,,
2026-03-11T07:00:00+00:00,1.093990339088861,index,0.0,0.007901453663951825,,
2026-03-11T08:00:00+00:00,1.093990339088861,index,0.0,0.007901453663951825,,
2026-03-11T09:00:00+00:00,1.093990339088861,index,0.0,0.007901453663951825,,
2026-03-11T10:00:00+00:00,1.093990339088861,index,0.0,0.007901453663951825,,
2026-03-11T11:00:00+00:00,1.093990339088861,index,0.0,0.007901453663951825,,
2026-03-11T12:00:00+00:00,1.093990339088861,index,0.0,0.007901453663951825,,
2026-03-11T13:00:00+00:00,1.093990339088861,index,0.0,0.007901453663951825,,
2026-03-11T14:00:00+00:00,1.093990339088861,index,0.0,0.007901453663951825,,
2026-03-11T15:00:00+00:00,1.093990339088861,index,0.0,0.007901453663951825,,
2026-03-11T16:00:00+00:00,1.093990339088861,index,0.0,0.007901453663951825,,
2026-03-11T17:00:00+00:00,1.093990339088861,index,0.0,0.007901453663951825,,
2026-03-11T18:00:00+00:00,1.093990339088861,index,0.0,0.007901453663951825,,
2026-03-11T19:00:00+00:00,1.093990339088861,index,0.0,0.007901453663951825,,
2026-03-11T20:00:00+00:00,1.093990339088861,index,0.0,0.007901453663951825,,
2026-03-11T21:00:00+00:00,1.093990339088861,index,0.0,0.007901453663951825,,
2026-03-11T22:00:00+00:00,1.093990339088861,index,0.0,0.007901453663951825,,
2026-03-11T23:00:00+00:00,1.093990339088861,index,0.0,0.007901453663951825,,
2026-03-12T00:00:00+00:00,1.093990339088861,index,0.0,0.007901453663951825,,
2026-03-12T01:00:00+00:00,1.093990339088861,index,0.0,0.007901453663951825,,
2026-03-12T02:00:00+00:00,1.093990339088861,index,0.0,0.007901453663951825,,
2026-03-12T03:00:00+00:00,1.093990339088861,index,0.0,0.007901453663951825,,
2026-03-12T04:00:00+00:00,1.093990339088861,index,0.0,0.007901453663951825,,
2026-03-12T05:00:00+00:00,1.093990339088861,index,0.0,0.007901453663951825,,
2026-03-12T06:00:00+00:00,1.093990339088861,index,0.0,0.007901453663951825,,
2026-03-12T07:00:00+00:00,1.093990339088861,index,0.0,0.007901453663951825,,
2026-03-12T08:00:00+00:00,1.093990339088861,index,0.0,0.007901453663951825,,
2026-03-12T09:00:00+00:00,1.093990339088861,index,0.0,0.007901453663951825,,
2026-03-12T10:00:00+00:00,1.093990339088861,index,0.0,0.007901453663951825,,
2026-03-12T11:00:00+00:00,1.1007739402186207,index,0.00620078705211378,0.0017496618434103552,,
2026-03-12T12:00:00+00:00,1.101007150031389,index,0.0002118598599108052,0.0015381726666125863,,
2026-03-12T13:00:00+00:00,1.1003267087422357,index,-0.0006180171392471854,0.0021552391887886837,,
2026-03-12T14:00:00+00:00,1.1003267087422357,index,0.0,0.0021552391887886837,,
2026-03-12T15:00:00+00:00,1.1003267087422357,index,0.0,0.0021552391887886837,,
2026-03-12T16:00:00+00:00,1.1003267087422357,index,0.0,0.0021552391887886837,,
2026-03-12T17:00:00+00:00,1.1003267087422357,index,0.0,0.0021552391887886837,,
2026-03-12T18:00:00+00:00,1.1003267087422357,index,0.0,0.0021552391887886837,,
2026-03-12T19:00:00+00:00,1.1003267087422357,index,0.0,0.0021552391887886837,,
2026-03-12T20:00:00+00:00,1.1003267087422357,index,0.0,0.0021552391887886837,,
2026-03-12T21:00:00+00:00,1.1003267087422357,index,0.0,0.0021552391887886837,,
2026-03-12T22:00:00+00:00,1.1003267087422357,index,0.0,0.0021552391887886837,,
2026-03-12T23:00:00+00:00,1.1003267087422357,index,0.0,0.0021552391887886837,,
2026-03-13T00:00:00+00:00,1.1057458006324334,index,0.0049249844133950095,0.0,,
2026-03-13T01:00:00+00:00,1.119590046706637,index,0.012520279133129244,0.0,,
2026-03-13T02:00:00+00:00,1.1225060130783984,index,0.002604494725849753,0.0,,
2026-03-13T03:00:00+00:00,1.1146732988554815,index,-0.006977881749992843,0.006977881749992843,,
2026-03-13T04:00:00+00:00,1.1185551290757607,index,0.0034824824675222213,0.0035196996333254154,,
2026-03-13T05:00:00+00:00,1.118379827306384,index,-0.0001567216177547927,0.0036758696380596624,,
2026-03-13T06:00:00+00:00,1.1206374118004274,index,0.002018620542790719,0.0016646692812329516,,
2026-03-13T07:00:00+00:00,1.117610307366931,index,-0.0027012344953155254,0.004361407114462718,,
2026-03-13T08:00:00+00:00,1.1216146858232836,index,0.0035829827534311224,0.0007940512075034078,,
2026-03-13T09:00:00+00:00,1.124708473093821,index,0.0027583334184559075,0.0,,
2026-03-13T10:00:00+00:00,1.1274580287411444,index,0.002444682967276103,0.0,,
2026-03-13T11:00:00+00:00,1.134149280978002,index,0.005934812708131243,0.0,,
2026-03-13T12:00:00+00:00,1.1307514199705577,index,-0.002995955703921311,0.002995955703921311,,
2026-03-13T13:00:00+00:00,1.1389892694745194,index,0.0072852877816205796,0.0,,
2026-03-13T14:00:00+00:00,1.1477980722476342,index,0.007733876875924154,0.0,,
2026-03-13T15:00:00+00:00,1.133032121181442,index,-0.012864589532963036,0.012864589532963036,,
2026-03-13T16:00:00+00:00,1.1248633254598386,index,-0.007209677085840879,0.019981517082429363,,
2026-03-13T17:00:00+00:00,1.1256650013451535,index,0.000712687370252014,0.01928307028704047,,
2026-03-13T18:00:00+00:00,1.1256650013451535,index,0.0,0.01928307028704047,,
2026-03-13T19:00:00+00:00,1.1256650013451535,index,0.0,0.01928307028704047,,
2026-03-13T20:00:00+00:00,1.1256650013451535,index,0.0,0.01928307028704047,,
2026-03-13T21:00:00+00:00,1.1256650013451535,index,0.0,0.01928307028704047,,
2026-03-13T22:00:00+00:00,1.1256650013451535,index,0.0,0.01928307028704047,,
2026-03-13T23:00:00+00:00,1.1256650013451535,index,0.0,0.01928307028704047,,
2026-03-14T00:00:00+00:00,1.1256650013451535,index,0.0,0.01928307028704047,,
2026-03-14T01:00:00+00:00,1.1256650013451535,index,0.0,0.01928307028704047,,
2026-03-14T02:00:00+00:00,1.1256650013451535,index,0.0,0.01928307028704047,,
2026-03-14T03:00:00+00:00,1.1256650013451535,index,0.0,0.01928307028704047,,
2026-03-14T04:00:00+00:00,1.1256650013451535,index,0.0,0.01928307028704047,,
2026-03-14T05:00:00+00:00,1.1256650013451535,index,0.0,0.01928307028704047,,
2026-03-14T06:00:00+00:00,1.1256650013451535,index,0.0,0.01928307028704047,,
2026-03-14T07:00:00+00:00,1.1256650013451535,index,0.0,0.01928307028704047,,
2026-03-14T08:00:00+00:00,1.1256650013451535,index,0.0,0.01928307028704047,,
2026-03-14T09:00:00+00:00,1.1256650013451535,index,0.0,0.01928307028704047,,
2026-03-14T10:00:00+00:00,1.1256650013451535,index,0.0,0.01928307028704047,,
2026-03-14T11:00:00+00:00,1.1256650013451535,index,0.0,0.01928307028704047,,
2026-03-14T12:00:00+00:00,1.1256650013451535,index,0.0,0.01928307028704047,,
2026-03-14T13:00:00+00:00,1.1256650013451535,index,0.0,0.01928307028704047,,
2026-03-14T14:00:00+00:00,1.1256650013451535,index,0.0,0.01928307028704047,,
2026-03-14T15:00:00+00:00,1.1256650013451535,index,0.0,0.01928307028704047,,
2026-03-14T16:00:00+00:00,1.1256650013451535,index,0.0,0.01928307028704047,,
2026-03-14T17:00:00+00:00,1.1256650013451535,index,0.0,0.01928307028704047,,
2026-03-14T18:00:00+00:00,1.1256650013451535,index,0.0,0.01928307028704047,,
2026-03-14T19:00:00+00:00,1.1256650013451535,index,0.0,0.01928307028704047,,
2026-03-14T20:00:00+00:00,1.1256650013451535,index,0.0,0.01928307028704047,,
2026-03-14T21:00:00+00:00,1.1256650013451535,index,0.0,0.01928307028704047,,
2026-03-14T22:00:00+00:00,1.1256650013451535,index,0.0,0.01928307028704047,,
2026-03-14T23:00:00+00:00,1.1256650013451535,index,0.0,0.01928307028704047,,
2026-03-15T00:00:00+00:00,1.1256650013451535,index,0.0,0.01928307028704047,,
2026-03-15T01:00:00+00:00,1.1256650013451535,index,0.0,0.01928307028704047,,
2026-03-15T02:00:00+00:00,1.1256650013451535,index,0.0,0.01928307028704047,,
2026-03-15T03:00:00+00:00,1.132620047022475,index,0.006178610571538099,0.013223602297429592,,
2026-03-15T04:00:00+00:00,1.131311803978243,index,-0.0011550590576877866,0.014363387313508473,,
2026-03-15T05:00:00+00:00,1.1349514166483765,index,0.0032171614026609216,0.01119243524612404,,
2026-03-15T06:00:00+00:00,1.1332056956933458,index,-0.0015381459764912122,0.012713365623374287,,
2026-03-15T07:00:00+00:00,1.1327378352933606,index,-0.0004128644973839607,0.013120981223450096,,
2026-03-15T08:00:00+00:00,1.132665695589972,index,-6.368614267218514e-05,0.013183831741440085,,
2026-03-15T09:00:00+00:00,1.1366155688516504,index,0.0034872365933366315,0.009742570288592597,,
2026-03-15T10:00:00+00:00,1.1377172708363883,index,0.0009692828559886904,0.008782730738957903,,
2026-03-15T11:00:00+00:00,1.137597387221421,index,-0.00010537206214609458,0.00888717734665476,,
2026-03-15T12:00:00+00:00,1.1384401645446185,index,0.0007408397141770363,0.00815292160640306,,
2026-03-15T13:00:00+00:00,1.1350115829570118,index,-0.0030116484769124414,0.011140016349377191,,
2026-03-15T14:00:00+00:00,1.1349698257428096,index,-3.6790121642139204e-05,0.011176396628462742,,
2026-03-15T15:00:00+00:00,1.1351868435227133,index,0.0001912101757960938,0.010987323493430743,,
2026-03-15T16:00:00+00:00,1.133079526046133,index,-0.0018563617862595908,0.012823288832223856,,
2026-03-15T17:00:00+00:00,1.1324226356764802,index,-0.0005797389808507436,0.013395593652675852,,
2026-03-15T18:00:00+00:00,1.138149061384679,index,0.005056791985421706,0.008406540397876963,,
2026-03-15T19:00:00+00:00,1.138149061384679,index,0.0,0.008406540397876963,,
2026-03-15T20:00:00+00:00,1.138149061384679,index,0.0,0.008406540397876963,,
2026-03-15T21:00:00+00:00,1.138149061384679,index,0.0,0.008406540397876963,,
2026-03-15T22:00:00+00:00,1.138149061384679,index,0.0,0.008406540397876963,,
2026-03-15T23:00:00+00:00,1.147659007516178,index,0.008355624455665903,0.00012115783674710373,,
2026-03-16T00:00:00+00:00,1.148636962780537,index,0.0008521305178229186,0.0,,
2026-03-16T01:00:00+00:00,1.144416298100102,index,-0.0036744983987088294,0.0036744983987088294,,
2026-03-16T02:00:00+00:00,1.147710283286118,index,0.0028783102717815845,0.0008067644734118937,,
2026-03-16T03:00:00+00:00,1.144169877153551,index,-0.0030847559563813723,0.003889031758278512,,
2026-03-16T04:00:00+00:00,1.159903661377799,index,0.013751265907638215,0.0,,
2026-03-16T05:00:00+00:00,1.1638022547728442,index,0.0033611355191465278,0.0,,
2026-03-16T06:00:00+00:00,1.1693291882706727,index,0.00474903143997375,0.0,,
2026-03-16T07:00:00+00:00,1.1620000229285257,index,-0.006267837505182067,0.006267837505182067,,
2026-03-16T08:00:00+00:00,1.1581703917284143,index,-0.0032957238593333753,0.00954290430290319,,
2026-03-16T09:00:00+00:00,1.1533892605887244,index,-0.004128175934937022,0.01363168544994756,,
2026-03-16T10:00:00+00:00,1.1552607518788165,index,0.0016226016263900574,0.012031202618539025,,
2026-03-16T11:00:00+00:00,1.1630264300798423,index,0.006722013353605496,0.005390063169595282,,
2026-03-16T12:00:00+00:00,1.1595985333903023,index,-0.0029473936282811684,0.008321570160034352,,
2026-03-16T13:00:00+00:00,1.1642360923741608,index,0.0039992797941022775,0.004355570653328304,,
2026-03-16T14:00:00+00:00,1.1678736995314833,index,0.0031244583303585136,0.0012447211219810473,,
2026-03-16T15:00:00+00:00,1.1597881794263694,index,-0.00692328297859392,0.00815938654401806,,
2026-03-16T16:00:00+00:00,1.1554663008348363,index,-0.003726437868741611,0.01185541896575634,,
2026-03-16T17:00:00+00:00,1.1626877127473996,index,0.006249781501499265,0.005679731242401783,,
2026-03-16T18:00:00+00:00,1.1654007211661845,index,0.002333393901939726,0.003359590390707734,,
2026-03-16T19:00:00+00:00,1.1649612357989034,index,-0.00037711094501574724,0.0037354343974163756,,
2026-03-16T20:00:00+00:00,1.1656954453742732,index,0.000630243782202848,0.003107544849516326,,
2026-03-16T21:00:00+00:00,1.1697662956312318,index,0.0034922073969771896,0.0,,
2026-03-16T22:00:00+00:00,1.1722104406650284,index,0.0020894302074909352,0.0,,
2026-03-16T23:00:00+00:00,1.1722104406650284,index,0.0,0.0,,
2026-03-17T00:00:00+00:00,1.1722104406650284,index,0.0,0.0,,
2026-03-17T01:00:00+00:00,1.1722104406650284,index,0.0,0.0,,
2026-03-17T02:00:00+00:00,1.1722104406650284,index,0.0,0.0,,
2026-03-17T03:00:00+00:00,1.1722104406650284,index,0.0,0.0,,
2026-03-17T04:00:00+00:00,1.1722104406650284,index,0.0,0.0,,
2026-03-17T05:00:00+00:00,1.1722104406650284,index,0.0,0.0,,
2026-03-17T06:00:00+00:00,1.1722104406650284,index,0.0,0.0,,
2026-03-17T07:00:00+00:00,1.1722104406650284,index,0.0,0.0,,
2026-03-17T08:00:00+00:00,1.1722104406650284,index,0.0,0.0,,
2026-03-17T09:00:00+00:00,1.1722104406650284,index,0.0,0.0,,
2026-03-17T10:00:00+00:00,1.1722104406650284,index,0.0,0.0,,
2026-03-17T11:00:00+00:00,1.1722104406650284,index,0.0,0.0,,
2026-03-17T12:00:00+00:00,1.1722104406650284,index,0.0,0.0,,
2026-03-17T13:00:00+00:00,1.1722104406650284,index,0.0,0.0,,
2026-03-17T14:00:00+00:00,1.1722104406650284,index,0.0,0.0,,
2026-03-17T15:00:00+00:00,1.1722104406650284,index,0.0,0.0,,
2026-03-17T16:00:00+00:00,1.1722104406650284,index,0.0,0.0,,
2026-03-17T17:00:00+00:00,1.1722104406650284,index,0.0,0.0,,
2026-03-17T18:00:00+00:00,1.1722104406650284,index,0.0,0.0,,
2026-03-17T19:00:00+00:00,1.1722104406650284,index,0.0,0.0,,
2026-03-17T20:00:00+00:00,1.1722104406650284,index,0.0,0.0,,
2026-03-17T21:00:00+00:00,1.1722104406650284,index,0.0,0.0,,
2026-03-17T22:00:00+00:00,1.1722104406650284,index,0.0,0.0,,
2026-03-17T23:00:00+00:00,1.1722104406650284,index,0.0,0.0,,
2026-03-18T00:00:00+00:00,1.1722104406650284,index,0.0,0.0,,
2026-03-18T01:00:00+00:00,1.1722104406650284,index,0.0,0.0,,
2026-03-18T02:00:00+00:00,1.1722104406650284,index,0.0,0.0,,
2026-03-18T03:00:00+00:00,1.1722104406650284,index,0.0,0.0,,
2026-03-18T04:00:00+00:00,1.1722104406650284,index,0.0,0.0,,
2026-03-18T05:00:00+00:00,1.1722104406650284,index,0.0,0.0,,
2026-03-18T06:00:00+00:00,1.1722104406650284,index,0.0,0.0,,
2026-03-18T07:00:00+00:00,1.1722104406650284,index,0.0,0.0,,
2026-03-18T08:00:00+00:00,1.1722104406650284,index,0.0,0.0,,
2026-03-18T09:00:00+00:00,1.1722104406650284,index,0.0,0.0,,
2026-03-18T10:00:00+00:00,1.1722104406650284,index,0.0,0.0,,
2026-03-18T11:00:00+00:00,1.1722104406650284,index,0.0,0.0,,
2026-03-18T12:00:00+00:00,1.1722104406650284,index,0.0,0.0,,
2026-03-18T13:00:00+00:00,1.1722104406650284,index,0.0,0.0,,
2026-03-18T14:00:00+00:00,1.1722104406650284,index,0.0,0.0,,
2026-03-18T15:00:00+00:00,1.1722104406650284,index,0.0,0.0,,
2026-03-18T16:00:00+00:00,1.1722104406650284,index,0.0,0.0,,
2026-03-18T17:00:00+00:00,1.1722104406650284,index,0.0,0.0,,
2026-03-18T18:00:00+00:00,1.1722104406650284,index,0.0,0.0,,
2026-03-18T19:00:00+00:00,1.1722104406650284,index,0.0,0.0,,
2026-03-18T20:00:00+00:00,1.1722104406650284,index,0.0,0.0,,
2026-03-18T21:00:00+00:00,1.1722104406650284,index,0.0,0.0,,
2026-03-18T22:00:00+00:00,1.1722104406650284,index,0.0,0.0,,
2026-03-18T23:00:00+00:00,1.1722104406650284,index,0.0,0.0,,
2026-03-19T00:00:00+00:00,1.1722104406650284,index,0.0,0.0,,
2026-03-19T01:00:00+00:00,1.1722104406650284,index,0.0,0.0,,
2026-03-19T02:00:00+00:00,1.1722104406650284,index,0.0,0.0,,
2026-03-19T03:00:00+00:00,1.1722104406650284,index,0.0,0.0,,
2026-03-19T04:00:00+00:00,1.1722104406650284,index,0.0,0.0,,
2026-03-19T05:00:00+00:00,1.1722104406650284,index,0.0,0.0,,
2026-03-19T06:00:00+00:00,1.1722104406650284,index,0.0,0.0,,
2026-03-19T07:00:00+00:00,1.1722104406650284,index,0.0,0.0,,
2026-03-19T08:00:00+00:00,1.1722104406650284,index,0.0,0.0,,
2026-03-19T09:00:00+00:00,1.1722104406650284,index,0.0,0.0,,
2026-03-19T10:00:00+00:00,1.1722104406650284,index,0.0,0.0,,
2026-03-19T11:00:00+00:00,1.1722104406650284,index,0.0,0.0,,
2026-03-19T12:00:00+00:00,1.1722104406650284,index,0.0,0.0,,
2026-03-19T13:00:00+00:00,1.1722104406650284,index,0.0,0.0,,
2026-03-19T14:00:00+00:00,1.1722104406650284,index,0.0,0.0,,
2026-03-19T15:00:00+00:00,1.1722104406650284,index,0.0,0.0,,
2026-03-19T16:00:00+00:00,1.1722104406650284,index,0.0,0.0,,
2026-03-19T17:00:00+00:00,1.1722104406650284,index,0.0,0.0,,
2026-03-19T18:00:00+00:00,1.1722104406650284,index,0.0,0.0,,
2026-03-19T19:00:00+00:00,1.1722104406650284,index,0.0,0.0,,
2026-03-19T20:00:00+00:00,1.1722104406650284,index,0.0,0.0,,
2026-03-19T21:00:00+00:00,1.1722104406650284,index,0.0,0.0,,
2026-03-19T22:00:00+00:00,1.1722104406650284,index,0.0,0.0,,
2026-03-19T23:00:00+00:00,1.1722104406650284,index,0.0,0.0,,
2026-03-20T00:00:00+00:00,1.1722104406650284,index,0.0,0.0,,
2026-03-20T01:00:00+00:00,1.1722104406650284,index,0.0,0.0,,
2026-03-20T02:00:00+00:00,1.1722104406650284,index,0.0,0.0,,
2026-03-20T03:00:00+00:00,1.1722104406650284,index,0.0,0.0,,
2026-03-20T04:00:00+00:00,1.1722104406650284,index,0.0,0.0,,
2026-03-20T05:00:00+00:00,1.1722104406650284,index,0.0,0.0,,
2026-03-20T06:00:00+00:00,1.1722104406650284,index,0.0,0.0,,
2026-03-20T07:00:00+00:00,1.1722104406650284,index,0.0,0.0,,
2026-03-20T08:00:00+00:00,1.1722104406650284,index,0.0,0.0,,
2026-03-20T09:00:00+00:00,1.1722104406650284,index,0.0,0.0,,
2026-03-20T10:00:00+00:00,1.1722104406650284,index,0.0,0.0,,
2026-03-20T11:00:00+00:00,1.1722104406650284,index,0.0,0.0,,
2026-03-20T12:00:00+00:00,1.1722104406650284,index,0.0,0.0,,
2026-03-20T13:00:00+00:00,1.1722104406650284,index,0.0,0.0,,
2026-03-20T14:00:00+00:00,1.1722104406650284,index,0.0,0.0,,
2026-03-20T15:00:00+00:00,1.1722104406650284,index,0.0,0.0,,
2026-03-20T16:00:00+00:00,1.1722104406650284,index,0.0,0.0,,
2026-03-20T17:00:00+00:00,1.1722104406650284,index,0.0,0.0,,
2026-03-20T18:00:00+00:00,1.1722104406650284,index,0.0,0.0,,
2026-03-20T19:00:00+00:00,1.1722104406650284,index,0.0,0.0,,
2026-03-20T20:00:00+00:00,1.1722104406650284,index,0.0,0.0,,
2026-03-20T21:00:00+00:00,1.1722104406650284,index,0.0,0.0,,
2026-03-20T22:00:00+00:00,1.1722104406650284,index,0.0,0.0,,
2026-03-20T23:00:00+00:00,1.1722104406650284,index,0.0,0.0,,
2026-03-21T00:00:00+00:00,1.1722104406650284,index,0.0,0.0,,
2026-03-21T01:00:00+00:00,1.1722104406650284,index,0.0,0.0,,
2026-03-21T02:00:00+00:00,1.1722104406650284,index,0.0,0.0,,
2026-03-21T03:00:00+00:00,1.1722104406650284,index,0.0,0.0,,
2026-03-21T04:00:00+00:00,1.1722104406650284,index,0.0,0.0,,
2026-03-21T05:00:00+00:00,1.1722104406650284,index,0.0,0.0,,
2026-03-21T06:00:00+00:00,1.1722104406650284,index,0.0,0.0,,
2026-03-21T07:00:00+00:00,1.1722104406650284,index,0.0,0.0,,
2026-03-21T08:00:00+00:00,1.1722104406650284,index,0.0,0.0,,
2026-03-21T09:00:00+00:00,1.1722104406650284,index,0.0,0.0,,
2026-03-21T10:00:00+00:00,1.1722104406650284,index,0.0,0.0,,
2026-03-21T11:00:00+00:00,1.1722104406650284,index,0.0,0.0,,
2026-03-21T12:00:00+00:00,1.1722104406650284,index,0.0,0.0,,
2026-03-21T13:00:00+00:00,1.1722104406650284,index,0.0,0.0,,
2026-03-21T14:00:00+00:00,1.1722104406650284,index,0.0,0.0,,
2026-03-21T15:00:00+00:00,1.1722104406650284,index,0.0,0.0,,
2026-03-21T16:00:00+00:00,1.1722104406650284,index,0.0,0.0,,
2026-03-21T17:00:00+00:00,1.1722104406650284,index,0.0,0.0,,
2026-03-21T18:00:00+00:00,1.1722104406650284,index,0.0,0.0,,
2026-03-21T19:00:00+00:00,1.1722104406650284,index,0.0,0.0,,
2026-03-21T20:00:00+00:00,1.1722104406650284,index,0.0,0.0,,
2026-03-21T21:00:00+00:00,1.1722104406650284,index,0.0,0.0,,
2026-03-21T22:00:00+00:00,1.1722104406650284,index,0.0,0.0,,
2026-03-21T23:00:00+00:00,1.1722104406650284,index,0.0,0.0,,
2026-03-22T00:00:00+00:00,1.1722104406650284,index,0.0,0.0,,
2026-03-22T01:00:00+00:00,1.1722104406650284,index,0.0,0.0,,
2026-03-22T02:00:00+00:00,1.1722104406650284,index,0.0,0.0,,
2026-03-22T03:00:00+00:00,1.1722104406650284,index,0.0,0.0,,
2026-03-22T04:00:00+00:00,1.1722104406650284,index,0.0,0.0,,
2026-03-22T05:00:00+00:00,1.1722104406650284,index,0.0,0.0,,
2026-03-22T06:00:00+00:00,1.1722104406650284,index,0.0,0.0,,
2026-03-22T07:00:00+00:00,1.1722104406650284,index,0.0,0.0,,
2026-03-22T08:00:00+00:00,1.1722104406650284,index,0.0,0.0,,
2026-03-22T09:00:00+00:00,1.1722104406650284,index,0.0,0.0,,
2026-03-22T10:00:00+00:00,1.1722104406650284,index,0.0,0.0,,
2026-03-22T11:00:00+00:00,1.1722104406650284,index,0.0,0.0,,
2026-03-22T12:00:00+00:00,1.1722104406650284,index,0.0,0.0,,
2026-03-22T13:00:00+00:00,1.1722104406650284,index,0.0,0.0,,
2026-03-22T14:00:00+00:00,1.1722104406650284,index,0.0,0.0,,
2026-03-22T15:00:00+00:00,1.1722104406650284,index,0.0,0.0,,
2026-03-22T16:00:00+00:00,1.1722104406650284,index,0.0,0.0,,
2026-03-22T17:00:00+00:00,1.1722104406650284,index,0.0,0.0,,
2026-03-22T18:00:00+00:00,1.1722104406650284,index,0.0,0.0,,
2026-03-22T19:00:00+00:00,1.1722104406650284,index,0.0,0.0,,
2026-03-22T20:00:00+00:00,1.1722104406650284,index,0.0,0.0,,
2026-03-22T21:00:00+00:00,1.1722104406650284,index,0.0,0.0,,
2026-03-22T22:00:00+00:00,1.1722104406650284,index,0.0,0.0,,
2026-03-22T23:00:00+00:00,1.1722104406650284,index,0.0,0.0,,
2026-03-23T00:00:00+00:00,1.1722104406650284,index,0.0,0.0,,
2026-03-23T01:00:00+00:00,1.1722104406650284,index,0.0,0.0,,
2026-03-23T02:00:00+00:00,1.1722104406650284,index,0.0,0.0,,
2026-03-23T03:00:00+00:00,1.1722104406650284,index,0.0,0.0,,
