entry_time,exit_time,entry,exit,stop,t1,t2,reason,ret
2024-01-23T08:00:00,2024-01-23T15:00:00,17836.0,17906.0,17784.423415851412,17913.364876222884,17949.468485126894,time_or_ema,0.003924646781789639
2024-01-25T21:00:00,2024-01-25T23:00:00,18058.0,18016.985661260966,18016.985661260966,18119.52150810855,18148.231545225877,stop,-0.0022712558832115644
2024-01-26T21:00:00,2024-01-26T22:00:00,18051.0,18010.93941912558,18010.93941912558,18111.09087131163,18139.13327792372,stop,-0.002219299810227606
2024-01-26T23:00:00,2024-01-27T01:00:00,18055.0,18011.0,17998.556948123587,18139.66457781462,18179.17471412811,time_or_ema,-0.0024369980614788148
2024-01-31T22:00:00,2024-02-01T02:00:00,18004.0,17971.668095291312,17971.668095291312,18052.497857063034,18075.130190359112,stop,-0.0017958178576254135
2024-02-02T10:00:00,2024-02-02T17:00:00,18074.0,18068.0,18027.65865603678,18143.51201594483,18175.950956719083,time_or_ema,-0.00033196857364169527
2024-02-05T10:00:00,2024-02-05T17:00:00,18074.0,18076.0,18026.779503088655,18144.830745367017,18177.885093204957,time_or_ema,0.00011065619121389841
2024-02-19T12:00:00,2024-02-19T16:00:00,18679.0,18656.419758093933,18656.419758093933,18712.870362859103,18728.67653219335,stop,-0.0012088571072363288
2024-02-26T12:00:00,2024-02-26T19:00:00,18972.0,18979.0,18912.010585235526,19061.98412214671,19103.976712481843,time_or_ema,0.00036896479021716216
2024-03-08T21:00:00,2024-03-09T00:00:00,19918.0,19835.878742976474,19835.878742976474,20041.18188553529,20098.666765451755,stop,-0.004122967015941645
2024-03-14T08:00:00,2024-03-14T09:00:00,19933.0,19883.997633790932,19883.997633790932,20006.503549313602,20040.805205659948,stop,-0.00245835379566889
2024-03-14T13:00:00,2024-03-14T20:00:00,19938.0,19925.0,19885.014627913846,20017.47805812923,20054.567818589538,time_or_ema,-0.0006520212659243656
2024-03-20T08:00:00,2024-03-20T09:00:00,19887.0,19836.13993839071,19836.13993839071,19963.29009241394,19998.89213554044,stop,-0.002557452688152649
2024-03-21T02:00:00,2024-03-21T09:00:00,19947.0,20111.568203295166,19872.19627122947,20059.205593155795,20111.568203295166,target,0.006937729895497105
2024-03-22T12:00:00,2024-03-22T19:00:00,20214.0,20195.0,20163.339699151376,20289.990451272934,20325.452661866973,time_or_ema,-0.0009399426140298803
2024-03-27T11:00:00,2024-03-27T18:00:00,20224.0,20276.0,20192.769947968358,20270.845078047463,20292.706114469613,time_or_ema,0.002443756874195589
2024-03-28T22:00:00,2024-03-29T04:00:00,20234.0,20209.0,20188.232064048243,20302.651903927635,20334.689459093865,time_or_ema,-0.0012355441336364536
2024-03-29T08:00:00,2024-03-29T09:00:00,20241.0,20211.14073949061,20211.14073949061,20285.788890764088,20306.69037312066,stop,-0.001475187021856177
2024-03-29T10:00:00,2024-03-29T17:00:00,20284.0,20348.0,20229.246862111802,20366.129706832297,20404.456903354036,time_or_ema,0.003602092950904568
2024-04-02T08:00:00,2024-04-02T09:00:00,20376.0,20444.279153745767,20344.96402102465,20422.553968463024,20444.279153745767,target,0.0028178524295443385
2024-04-12T10:00:00,2024-04-12T16:00:00,20768.0,20736.0,20716.371521950194,20845.442717074708,20881.582651709574,time_or_ema,-0.0015408320493066256
2024-05-02T20:00:00,2024-05-02T21:00:00,20361.0,20320.57418528442,20320.57418528442,20421.638722073374,20449.93679237428,stop,-0.001985453303648225
2024-05-08T11:00:00,2024-05-08T18:00:00,20714.0,20710.0,20642.91651157902,20820.62523263147,20870.383674526154,time_or_ema,-0.00019310611180843875
2024-05-08T22:00:00,2024-05-08T23:00:00,20720.0,20685.058774616606,20685.058774616606,20772.41183807509,20796.870695843467,stop,-0.0016863525764186458
2024-05-10T11:00:00,2024-05-10T12:00:00,20691.0,20739.79671323522,20668.819675802173,20724.27048629674,20739.79671323522,target,0.0019831617498419795
2024-05-14T21:00:00,2024-05-15T02:00:00,21014.0,21128.95798003671,20961.746372710586,21092.38044093412,21128.95798003671,target,0.004600228918121991
2024-05-20T22:00:00,2024-05-21T04:00:00,21344.0,21359.0,21314.41988890483,21388.37016664275,21409.07624440937,time_or_ema,0.0007027736131934033
2024-05-24T11:00:00,2024-05-24T18:00:00,21592.0,21603.0,21529.49523456449,21685.757148153265,21729.510483958125,time_or_ema,0.0005094479436828455
2024-06-07T13:00:00,2024-06-07T20:00:00,21897.0,21822.906603174226,21822.906603174226,22008.14009523866,22060.005473016703,stop,-0.0033837236528188384
2024-06-14T09:00:00,2024-06-14T16:00:00,22340.0,22450.0,22257.582845128392,22463.62573230741,22521.317740717535,time_or_ema,0.005228865987184639
2024-06-14T22:00:00,2024-06-15T04:00:00,22429.0,22460.0,22356.03142322168,22538.452865167477,22589.5308689123,time_or_ema,0.0013821391947924561
2024-06-17T09:00:00,2024-06-17T16:00:00,22535.0,22513.0,22411.714764258657,22719.927853612015,22806.227518630956,time_or_ema,-0.000976259152429554
2024-06-20T09:00:00,2024-06-20T15:00:00,23184.0,23382.318208587265,23093.85535973306,23319.21696040041,23382.318208587265,target,0.007193218792867352
2024-06-21T10:00:00,2024-06-21T15:00:00,23267.0,23156.686071425876,23156.686071425876,23432.470892861187,23509.690642863072,stop,-0.0047412184026356455
2024-06-25T13:00:00,2024-06-25T15:00:00,22749.0,22698.2763331959,22698.2763331959,22825.08550020615,22860.59206696902,stop,-0.0022297097368719726
2024-06-27T10:00:00,2024-06-27T17:00:00,22760.0,22885.0,22694.596801865213,22858.10479720218,22903.887035896532,time_or_ema,0.004901247741699926
2024-07-01T08:00:00,2024-07-01T10:00:00,23002.0,23136.031486070893,22941.076597240502,23093.385104139248,23136.031486070893,target,0.00489993457547477
2024-07-02T22:00:00,2024-07-03T04:00:00,22939.0,23024.0,22846.96069521323,23077.058957180154,23141.486470530894,time_or_ema,0.004862002641356507
2024-07-11T09:00:00,2024-07-11T16:00:00,24330.0,24329.0,24146.17688764806,24605.73466852791,24734.41084717427,time_or_ema,-4.110152075626798e-05
2024-07-16T09:00:00,2024-07-16T10:00:00,23916.0,24086.046678841132,23838.706055072213,24031.94091739168,24086.046678841132,target,0.00597900142650969
2024-08-12T22:00:00,2024-08-13T04:00:00,21849.0,21798.0,21611.263276496436,22205.605085255345,22372.02079170784,time_or_ema,-0.0023342029383495813
2024-08-13T20:00:00,2024-08-14T00:00:00,21826.0,22037.46922143291,21729.877626621404,21970.183560067893,22037.46922143291,target,0.008147456737395878
2024-08-19T10:00:00,2024-08-19T12:00:00,22495.0,22354.472108140308,22354.472108140308,22705.79183778954,22804.161362091323,stop,-0.006247072320946535
2024-08-27T13:00:00,2024-08-27T16:00:00,22153.0,22274.631437461863,22097.71298297188,22235.93052554218,22274.631437461863,target,0.004617026204217079
2024-08-29T21:00:00,2024-08-30T02:00:00,22412.0,22289.640380421377,22289.640380421377,22595.539429367935,22681.19116307297,stop,-0.0054595582535526994
2024-08-30T12:00:00,2024-08-30T18:00:00,22349.0,22280.699403076243,22280.699403076243,22451.450895385635,22499.261313232266,stop,-0.0030560918575218816
2024-09-02T08:00:00,2024-09-02T09:00:00,22392.0,22288.184948651928,22288.184948651928,22547.72257702211,22620.393112965758,stop,-0.004636256312436241
2024-09-12T00:00:00,2024-09-12T08:00:00,21278.0,21624.426387366064,21120.533460288152,21514.19980956777,21624.426387366064,target,0.013690812034350828
2024-09-16T12:00:00,2024-09-16T15:00:00,21837.0,21805.04471134564,21805.04471134564,21884.93293298154,21907.301635039592,stop,-0.0014633552527526963
2024-09-19T10:00:00,2024-09-19T17:00:00,21983.0,22174.0,21726.84484352439,22367.232734713412,22546.54134424634,time_or_ema,0.008688532047491242
2024-09-20T12:00:00,2024-09-20T13:00:00,22301.0,22219.510987069338,22219.510987069338,22423.233519395995,22480.27582844746,stop,-0.0036540519676544676
2024-09-23T21:00:00,2024-09-24T03:00:00,22324.0,22328.0,22248.531819072363,22437.202271391456,22490.0299980408,time_or_ema,0.00017917935853789643
2024-09-24T12:00:00,2024-09-24T15:00:00,22380.0,22547.799563630528,22303.727471077033,22494.40879338445,22547.799563630528,target,0.006304923078976253
2024-10-04T20:00:00,2024-10-05T02:00:00,22619.0,22537.0,22304.733092111415,23090.40036183288,23310.387197354885,time_or_ema,-0.0036252707900437686
2024-10-09T23:00:00,2024-10-10T05:00:00,22776.0,22782.0,22688.0714544898,22907.8928182653,22969.44280012244,time_or_ema,0.00026343519494204424
2024-10-11T22:00:00,2024-10-12T04:00:00,22963.0,23037.0,22865.13457320172,23109.798140197418,23178.30393895621,time_or_ema,0.003222575447458956
2024-10-15T09:00:00,2024-10-15T16:00:00,23314.0,23185.0,23089.554747964852,23650.66787805272,23807.779554477325,time_or_ema,-0.005533156043578965
2024-10-16T15:00:00,2024-10-16T21:00:00,23129.0,23145.0,22991.20771905614,23335.68842141579,23432.143018076495,time_or_ema,0.0006917722339919582
2024-10-17T13:00:00,2024-10-17T15:00:00,23260.0,23525.092717397358,23139.50331027393,23440.745034589105,23525.092717397358,target,0.009583786586123442
2024-10-25T09:00:00,2024-10-25T11:00:00,23347.0,23302.0,23282.557969476857,23443.663045784713,23488.772467150917,time_or_ema,-0.0019274424979654774
2024-10-25T13:00:00,2024-10-25T20:00:00,23477.0,23588.0,23317.24762511007,23716.628562334896,23828.455224757843,time_or_ema,0.004728031690590791
2024-11-05T22:00:00,2024-11-06T04:00:00,23230.0,23247.0,23027.3804283897,23533.92935741545,23675.76305754266,time_or_ema,0.0007318123116659492
2024-12-04T11:00:00,2024-12-04T18:00:00,23190.0,23278.0,23112.890081311154,23305.66487803327,23359.64182111546,time_or_ema,0.004391222036077381
2025-01-03T08:00:00,2025-01-03T15:00:00,22989.0,22997.0,22895.313934503058,23129.529098245413,23195.109344093275,time_or_ema,0.00034799251816085953
2025-01-20T09:00:00,2025-01-20T16:00:00,23334.0,23336.0,23247.16831833733,23464.247522494003,23525.02969965787,time_or_ema,8.571183680466272e-05
2025-01-20T22:00:00,2025-01-21T00:00:00,23412.0,23315.162180421336,23315.162180421336,23557.256729367997,23625.043203073063,stop,-0.0041362472056494315
2025-02-07T09:00:00,2025-02-07T16:00:00,23350.0,23480.0,23278.753400066,23456.869899900998,23506.742519854797,time_or_ema,0.005072160597451768
2025-02-07T21:00:00,2025-02-07T23:00:00,23497.0,23401.39953694447,23401.39953694447,23640.400694583295,23707.321018722163,stop,-0.004068624209708855
2025-02-11T23:00:00,2025-02-12T05:00:00,23415.0,23409.0,23297.616877283446,23591.074684074832,23673.242869976417,time_or_ema,-0.00025624599615631005
2025-02-13T11:00:00,2025-02-13T15:00:00,23399.0,23361.0,23341.103072226484,23485.845391660274,23526.373241101734,time_or_ema,-0.0016240010256848582
2025-02-18T10:00:00,2025-02-18T15:00:00,23558.0,23698.471568903966,23494.149286861833,23653.77606970725,23698.471568903966,target,0.005014170103812241
2025-02-19T09:00:00,2025-02-19T10:00:00,23642.0,23582.79548248958,23582.79548248958,23730.806776265632,23772.249938522928,stop,-0.002504209352441472
2025-02-19T11:00:00,2025-02-19T12:00:00,23679.0,23604.139982350705,23604.139982350705,23791.290026473944,23843.69203882845,stop,-0.003161451820148427
2025-02-19T15:00:00,2025-02-19T18:00:00,23645.0,23605.37497858036,23605.37497858036,23704.43753212946,23732.175047123208,stop,-0.0016758308910822875
2025-02-20T16:00:00,2025-02-20T22:00:00,23604.0,23530.887180069392,23530.887180069392,23713.66922989591,23764.848203847338,stop,-0.0030974758486107296
2025-02-26T10:00:00,2025-02-26T17:00:00,23290.0,23445.0,23209.38495458791,23410.922568118134,23467.3530999066,time_or_ema,0.0059236274821411385
2025-02-26T22:00:00,2025-02-27T02:00:00,23493.0,23354.603903586034,23354.603903586034,23700.594144620947,23797.471412110724,stop,-0.005890950343249734
2025-04-24T21:00:00,2025-04-25T03:00:00,19704.0,19921.0,19524.056302730867,19973.9155459037,20099.876133992093,time_or_ema,0.011012992285830287
2025-04-26T00:00:00,2025-04-28T08:00:00,19974.0,19989.0,19839.666640315216,20175.500039527178,20269.533391306526,time_or_ema,0.0007509762691498949
2025-04-29T09:00:00,2025-04-29T10:00:00,20026.0,20193.380664627908,19949.917879714587,20140.12318042812,20193.380664627908,target,0.007028459129532302
2025-04-29T22:00:00,2025-04-30T04:00:00,20182.0,20157.0,20088.064032911367,20322.90395063295,20388.659127594994,time_or_ema,-0.0012387275790308196
2025-04-30T13:00:00,2025-04-30T16:00:00,20151.0,20237.840270547447,20111.52714975116,20210.209275373258,20237.840270547447,target,0.0036238783663516696
2025-05-06T10:00:00,2025-05-06T13:00:00,20452.0,20326.325812817955,20326.325812817955,20640.51128077307,20728.4832118005,stop,-0.006144836064054615
2025-05-08T08:00:00,2025-05-08T15:00:00,20522.0,20557.0,20432.969192966324,20655.546210550514,20717.867775474086,time_or_ema,0.004106476234054038
2025-05-09T10:00:00,2025-05-09T17:00:00,20726.0,20826.0,20601.94588058369,20912.081179124463,20998.91906271588,time_or_ema,0.0048248576666988325
2025-05-16T00:00:00,2025-05-16T03:00:00,21785.0,21718.990802706547,21718.990802706547,21884.01379594018,21930.2202340456,stop,-0.0030300297128048347
2025-05-21T09:00:00,2025-05-21T12:00:00,21645.0,21796.50517666511,21576.13401060677,21748.298984089844,21796.50517666511,target,0.005885981999421415
2025-05-21T23:00:00,2025-05-22T01:00:00,21703.0,21638.982913786844,21638.982913786844,21799.025629319734,21843.837589668943,stop,-0.0029496883478392984
2025-05-27T08:00:00,2025-05-27T09:00:00,21409.0,21385.590723837053,21385.590723837053,21444.113914244423,21460.500407558484,stop,-0.0010934315550911863
2025-05-27T22:00:00,2025-05-28T01:00:00,21320.0,21399.921658307987,21283.67197349637,21374.492039755445,21399.921658307987,target,0.003152291230380678
2025-06-03T21:00:00,2025-06-04T03:00:00,21131.0,21236.0,21053.249845951264,21247.625231073103,21302.05033890722,time_or_ema,0.005244078157046599
2025-06-05T20:00:00,2025-06-06T02:00:00,21655.0,21620.0,21553.13257114311,21807.80114328534,21879.10834348516,time_or_ema,-0.0016162549064881089
2025-06-09T08:00:00,2025-06-09T09:00:00,21760.0,21645.135515911865,21645.135515911865,21932.296726132205,22012.7018649939,stop,-0.005278698717285626
2025-06-09T11:00:00,2025-06-09T18:00:00,21724.0,21767.0,21650.183355852176,21834.724966221736,21886.396617125214,time_or_ema,0.0019793776468422022
2025-06-09T22:00:00,2025-06-10T04:00:00,21824.0,21838.0,21726.93194229732,21969.60208655402,22037.549726945894,time_or_ema,0.0006414956011730205
2025-06-27T23:00:00,2025-06-28T01:00:00,22190.0,22113.60845034676,22113.60845034676,22304.587324479857,22358.061409237125,stop,-0.0034426115211013543
2025-07-02T22:00:00,2025-07-03T04:00:00,22456.0,22579.0,22343.530057137163,22624.704914294256,22703.433874298244,time_or_ema,0.0054773779836123975
2025-07-16T20:00:00,2025-07-16T21:00:00,22941.0,22889.473761631005,22889.473761631005,23018.28935755349,23054.357724411788,stop,-0.002246032795823857
2025-07-17T11:00:00,2025-07-17T15:00:00,22988.0,23153.590121643734,22912.731762889212,23100.90235566618,23153.590121643734,target,0.006057344643072811
2025-07-23T09:00:00,2025-07-23T16:00:00,23235.0,23224.0,23058.796513881516,23499.305229177728,23622.647669460664,time_or_ema,-0.0004734237142242307
2025-07-30T08:00:00,2025-07-30T09:00:00,23286.0,23198.199355885234,23198.199355885234,23417.70096617215,23479.161417052484,stop,-0.003770533544394328
2025-08-04T10:00:00,2025-08-04T17:00:00,23222.0,23303.0,23156.03679451779,23320.944808223314,23367.11905206086,time_or_ema,0.0038744468224811363
2025-08-08T12:00:00,2025-08-08T13:00:00,24011.0,23953.54842683315,23953.54842683315,24097.177359750276,24137.393460967072,stop,-0.0023927188857961234
2025-08-11T10:00:00,2025-08-11T17:00:00,24070.0,24138.0,23962.201367424517,24231.697948863224,24307.156991666063,time_or_ema,0.0028250934773577066
2025-08-11T21:00:00,2025-08-12T02:00:00,24179.0,24090.2963346694,24090.2963346694,24312.055497995898,24374.148063727316,stop,-0.0036686242330368746
2025-08-12T11:00:00,2025-08-12T18:00:00,24176.0,24154.0,24097.25954451484,24294.11068322774,24349.229002067354,time_or_ema,-0.0009099933818663137
2025-08-12T20:00:00,2025-08-13T02:00:00,24248.0,24302.0,24139.509604203235,24410.73559369515,24486.678870752883,time_or_ema,0.0022269877928076543
2025-08-15T11:00:00,2025-08-15T13:00:00,24373.0,24269.319734996254,24269.319734996254,24528.52039750562,24601.096583008242,stop,-0.0042538983713021035
2025-08-22T22:00:00,2025-08-23T04:00:00,24068.0,24113.0,23839.279722364536,24411.080416453195,24571.18461079802,time_or_ema,0.0018697025095562572
2025-08-25T21:00:00,2025-08-26T03:00:00,24203.0,24160.0,24126.835880135644,24317.246179796533,24370.56106370158,time_or_ema,-0.001776639259595918
2025-08-26T12:00:00,2025-08-26T19:00:00,24275.0,24266.0,24152.28579887459,24459.071301688116,24544.971242475905,time_or_ema,-0.0003707518022657055
2025-08-28T22:00:00,2025-08-29T04:00:00,24407.0,24413.0,24310.71095906025,24551.433561409627,24618.835890067454,time_or_ema,0.00024583111402466505
2025-08-29T08:00:00,2025-08-29T09:00:00,24418.0,24365.50921465623,24365.50921465623,24496.736178015653,24533.47972775629,stop,-0.002149675867956792
2025-09-03T09:00:00,2025-09-03T16:00:00,24053.0,24092.0,23889.361434949933,24298.4578475751,24413.004843110146,time_or_ema,0.0016214193655677046
2025-09-09T21:00:00,2025-09-10T03:00:00,24834.0,24938.0,24739.853920726306,24975.219118910543,25041.121374402126,time_or_ema,0.004187807038737215
2025-09-12T13:00:00,2025-09-12T15:00:00,25465.0,25391.128459610434,25391.128459610434,25575.80731058435,25627.517388857046,stop,-0.00290090478655275
2025-09-15T08:00:00,2025-09-15T09:00:00,25444.0,25375.71425085673,25375.71425085673,25546.428623714906,25594.228648115193,stop,-0.002683766276657351
2025-09-15T21:00:00,2025-09-16T03:00:00,25405.0,25429.0,25347.133061770146,25491.80040734478,25532.30726410568,time_or_ema,0.0009446959259988191
2025-09-16T09:00:00,2025-09-16T16:00:00,25567.0,25638.0,25415.27565822918,25794.586512656228,25900.793551895804,time_or_ema,0.0027770172487972776
2025-09-18T22:00:00,2025-09-19T04:00:00,25783.0,25839.0,25673.11748109239,25947.823778361413,26024.74154159674,time_or_ema,0.0021719737811736416
2025-09-22T10:00:00,2025-09-22T17:00:00,25904.0,25822.0,25759.086940003206,26121.369589995193,26222.808731992947,time_or_ema,-0.0031655342804200125
2025-09-22T22:00:00,2025-09-23T01:00:00,25899.0,26067.154722388976,25822.566035277738,26013.65094708339,26067.154722388976,target,0.005459779711038405
2025-10-01T09:00:00,2025-10-01T11:00:00,26309.0,26044.602196224518,26044.602196224518,26705.59670566322,26890.67516830606,stop,-0.010049709368485397
2025-10-08T12:00:00,2025-10-08T15:00:00,27112.0,27061.918821561318,27061.918821561318,27187.121767658024,27222.178592565102,stop,-0.0018471960179508114
2025-10-20T08:00:00,2025-10-20T15:00:00,27580.0,27821.0,27409.829739209687,27835.25539118547,27954.37457373869,time_or_ema,0.008996653212209396
2025-10-29T00:00:00,2025-10-29T08:00:00,28200.0,28251.0,28077.249396756237,28384.125904865643,28470.05132713628,time_or_ema,0.0018085106382978724
2025-10-30T08:00:00,2025-10-30T09:00:00,28427.0,28372.917466288243,28372.917466288243,28508.123800567635,28545.981574165864,stop,-0.0019025058469679071
2025-11-04T00:00:00,2025-11-04T08:00:00,28509.0,28388.486033176356,28388.486033176356,28689.770950235466,28774.130727012016,stop,-0.004227225326165221
2025-11-11T11:00:00,2025-11-11T12:00:00,28058.0,27947.7478682877,27947.7478682877,28223.378197568447,28300.554689767057,stop,-0.0039294365853695615
2025-11-12T08:00:00,2025-11-12T09:00:00,27941.0,27872.921621707595,27872.921621707595,28043.117567438607,28090.77243224329,stop,-0.002436504716810584
2025-11-12T10:00:00,2025-11-12T17:00:00,28022.0,28148.0,27906.820173819306,28194.76973927104,28275.39561759753,time_or_ema,0.004496467061594462
2025-12-04T13:00:00,2025-12-04T20:00:00,27800.0,27829.0,27733.654555147245,27899.518167279133,27945.959978676063,time_or_ema,0.0010431654676258994
2025-12-08T09:00:00,2025-12-08T16:00:00,28155.0,28278.0,27997.033521199824,28391.949718200263,28502.526253360385,time_or_ema,0.004368673415023974
2025-12-09T12:00:00,2025-12-09T13:00:00,28262.0,28222.0,28199.77237492923,28355.341437606156,28398.900775155693,time_or_ema,-0.0014153280022645247
2025-12-10T00:00:00,2025-12-10T08:00:00,28259.0,28294.0,28203.193601543026,28342.70959768546,28381.774076605343,time_or_ema,0.0012385434728758979
2025-12-11T03:00:00,2025-12-11T09:00:00,28581.0,28392.518220353355,28392.518220353355,28863.722669469968,28995.65991522262,stop,-0.00659465307885116
2025-12-19T11:00:00,2025-12-19T18:00:00,27945.0,27929.0,27796.302753048552,28168.045870427173,28272.133943293185,time_or_ema,-0.0005725532295580604
2025-12-19T22:00:00,2025-12-20T04:00:00,28131.0,28117.0,27899.9027492963,28477.64587605555,28639.41395154814,time_or_ema,-0.0004976716078347731
2025-12-29T09:00:00,2025-12-29T16:00:00,28893.0,28873.0,28698.93653334223,29184.09519998666,29319.939626647098,time_or_ema,-0.0006922091856158932
2025-12-30T11:00:00,2025-12-30T15:00:00,28885.0,28789.65067213903,28789.65067213903,29028.02399179146,29094.768521294136,stop,-0.003300998021844253
2025-12-30T22:00:00,2025-12-31T04:00:00,28922.0,28880.0,28845.540462097335,29036.689306853998,29090.210983385863,time_or_ema,-0.0014521817301708043
2026-01-02T08:00:00,2026-01-02T10:00:00,29097.0,29281.539256501357,29013.11851977211,29222.822220341834,29281.539256501357,target,0.005333221240045207
2026-01-09T22:00:00,2026-01-10T04:00:00,30620.0,30819.0,30474.465333048538,30838.302000427193,30940.176267293216,time_or_ema,0.006499020248203789
2026-01-12T11:00:00,2026-01-12T18:00:00,30715.0,30687.0,30614.89358352081,30865.159624718784,30935.234116254218,time_or_ema,-0.0009116067068207716
2026-01-13T21:00:00,2026-01-13T23:00:00,30984.0,30876.04999285578,30876.04999285578,31145.92501071633,31221.490015717285,stop,-0.0034840565176936437
2026-01-14T00:00:00,2026-01-14T04:00:00,31104.0,30931.242213667694,30931.242213667694,31363.136679498457,31484.067129931074,stop,-0.005554198377453248
2026-01-15T13:00:00,2026-01-15T20:00:00,31054.0,31439.0,30860.417531090934,31344.3737033636,31479.881431599944,time_or_ema,0.010874182124099938
2026-01-19T10:00:00,2026-01-19T17:00:00,31517.0,31574.0,31359.423964264544,31753.36405360318,31863.667278618002,time_or_ema,0.004654060564190463
2026-01-20T10:00:00,2026-01-20T15:00:00,31683.0,31499.49470224009,31499.49470224009,31958.257946639867,32086.711655071806,stop,-0.00579191673010484
2026-01-21T21:00:00,2026-01-21T23:00:00,31524.0,31700.90814277702,31443.587207828627,31644.61918825706,31700.90814277702,target,0.004719060573437408
2026-01-26T22:00:00,2026-01-27T04:00:00,32280.0,32281.0,32141.478419373194,32487.782370940207,32584.747477378973,time_or_ema,3.0978934324659233e-05
2026-02-02T22:00:00,2026-02-03T04:00:00,32051.0,32251.0,31866.0364035178,32328.4453947233,32457.91991226084,time_or_ema,0.00624005491248323
2026-02-03T12:00:00,2026-02-03T19:00:00,32226.0,32357.0,32094.280659679192,32423.57901048121,32515.782548705778,time_or_ema,0.0050980421163224
2026-02-06T01:00:00,2026-02-06T02:00:00,31979.0,31804.83003668002,31804.83003668002,32240.25494497997,32362.173919303954,stop,-0.005446385544262757
2026-02-09T22:00:00,2026-02-10T04:00:00,32802.0,32914.0,32463.779088835665,33309.331366746505,33546.08600456154,time_or_ema,0.0034144259496372174
2026-02-10T22:00:00,2026-02-11T04:00:00,33366.0,33269.0,33157.62355069909,33678.56467395136,33824.428188462,time_or_ema,-0.0029071509920278126
2026-02-11T09:00:00,2026-02-11T16:00:00,33507.0,33676.0,33260.71506564879,33876.42740152682,34048.82685557267,time_or_ema,0.005043722207299967
2026-02-23T15:00:00,2026-02-23T21:00:00,34120.0,34105.0,33919.425323234536,34420.862015148195,34561.26428888402,time_or_ema,-0.0004396248534583822
2026-02-25T09:00:00,2026-02-25T16:00:00,35341.0,35494.0,35032.50214097483,35803.746788537755,36019.69528985537,time_or_ema,0.004329249313828131
2026-02-26T10:00:00,2026-02-26T17:00:00,35744.0,35833.0,35477.30497367887,36144.0425394817,36330.729057906494,time_or_ema,0.0024899283795881827
