ts,open,high,low,close,volume
2024-01-02,17841.0,17920.0,17672.0,17688.0,202459
2024-01-03,17688.0,17724.0,17479.0,17547.0,235161
2024-01-04,17548.0,17610.0,17516.0,17582.0,162554
2024-01-05,17582.0,17625.0,17452.0,17596.0,222500
2024-01-06,17597.0,17606.0,17513.0,17548.0,31409
2024-01-08,17570.0,17705.0,17535.0,17689.0,215257
2024-01-09,17689.0,17782.0,17432.0,17461.0,270592
2024-01-10,17461.0,17555.0,17438.0,17489.0,200555
2024-01-11,17490.0,17605.0,17432.0,17440.0,247201
2024-01-12,17439.0,17570.0,17396.0,17477.0,241420
2024-01-13,17476.0,17501.0,17461.0,17496.0,17078
2024-01-15,17568.0,17656.0,17527.0,17553.0,181811
2024-01-16,17553.0,17575.0,17283.0,17366.0,217295
2024-01-17,17367.0,17369.0,17159.0,17181.0,206226
2024-01-18,17182.0,17466.0,17170.0,17452.0,258569
2024-01-19,17454.0,17758.0,17434.0,17677.0,294623
2024-01-20,17676.0,17777.0,17668.0,17774.0,30660
2024-01-22,17826.0,17843.0,17747.0,17774.0,187282
2024-01-23,17774.0,17918.0,17765.0,17881.0,195090
2024-01-24,17881.0,18057.0,17875.0,18030.0,188800
2024-01-25,18030.0,18089.0,17935.0,18027.0,219335
2024-01-26,18026.0,18060.0,17935.0,18055.0,190000
2024-01-27,18054.0,18061.0,18002.0,18019.0,19832
2024-01-29,18020.0,18153.0,17971.0,18073.0,161400
2024-01-30,18072.0,18145.0,18002.0,18013.0,172889
2024-01-31,18013.0,18044.0,17904.0,17994.0,198743
2024-02-01,17994.0,18046.0,17883.0,17991.0,230219
2024-02-02,17992.0,18105.0,17980.0,18019.0,188542
2024-02-03,18019.0,18064.0,18003.0,18051.0,23290
2024-02-05,18014.0,18102.0,17958.0,18034.0,141117
2024-02-06,18033.0,18107.0,18029.0,18105.0,16869
2024-02-15,18578.0,18727.0,18522.0,18688.0,176007
2024-02-16,18688.0,18725.0,18619.0,18660.0,144213
2024-02-17,18660.0,18679.0,18634.0,18646.0,13675
2024-02-19,18675.0,18692.0,18619.0,18667.0,85839
2024-02-20,18667.0,18817.0,18596.0,18763.0,134138
2024-02-21,18762.0,18767.0,18660.0,18683.0,121198
2024-02-22,18683.0,18976.0,18674.0,18956.0,211666
2024-02-23,18956.0,19004.0,18874.0,18912.0,186794
2024-02-24,18911.0,18935.0,18886.0,18928.0,17493
2024-02-26,18915.0,18995.0,18853.0,18970.0,132726
2024-02-27,18971.0,19019.0,18750.0,18914.0,238307
2024-02-28,18913.0,18919.0,18881.0,18889.0,11529
2024-02-29,18811.0,19000.0,18804.0,18948.0,200173
2024-03-01,18949.0,19052.0,18901.0,19048.0,206105
2024-03-02,19049.0,19175.0,19049.0,19127.0,42272
2024-03-04,19148.0,19437.0,19139.0,19410.0,203394
2024-03-05,19410.0,19436.0,19274.0,19283.0,212212
2024-03-06,19283.0,19667.0,19217.0,19667.0,253697
2024-03-07,19667.0,19895.0,19584.0,19894.0,349773
2024-03-08,19894.0,20009.0,19637.0,19956.0,415285
2024-03-09,19955.0,19957.0,19666.0,19728.0,91692
2024-03-11,19694.0,19824.0,19655.0,19707.0,244407
2024-03-12,19707.0,20004.0,19663.0,19973.0,262579
2024-03-13,19973.0,20064.0,19830.0,19853.0,255125
2024-03-14,19854.0,19978.0,19800.0,19876.0,244740
2024-03-15,19875.0,19887.0,19710.0,19762.0,249632
2024-03-16,19763.0,19786.0,19742.0,19754.0,14072
2024-03-18,19786.0,19964.0,19747.0,19872.0,172334
2024-03-19,19873.0,19911.0,19740.0,19813.0,205041
2024-03-20,19814.0,19956.0,19734.0,19872.0,186041
2024-03-21,19872.0,20358.0,19868.0,20222.0,299911
2024-03-22,20222.0,20284.0,20122.0,20237.0,239036
2024-03-23,20238.0,20252.0,20207.0,20227.0,12567
2024-03-25,20250.0,20305.0,20162.0,20239.0,177745
2024-03-26,20239.0,20459.0,20037.0,20171.0,356664
2024-03-27,20171.0,20288.0,20128.0,20205.0,218157
2024-03-28,20205.0,20269.0,20083.0,20242.0,246599
2024-03-29,20243.0,20384.0,20190.0,20337.0,189121
2024-03-30,20337.0,20350.0,20299.0,20344.0,15590
2024-04-01,20394.0,20400.0,20260.0,20340.0,216545
2024-04-02,20339.0,20553.0,20330.0,20439.0,235502
2024-04-03,20439.0,20485.0,20276.0,20457.0,257256
2024-04-04,20457.0,20484.0,20433.0,20456.0,20019
2024-04-08,20405.0,20560.0,20375.0,20514.0,194907
2024-04-09,20514.0,20893.0,20491.0,20798.0,273044
2024-04-10,20798.0,20892.0,20682.0,20722.0,230195
2024-04-11,20724.0,20763.0,20630.0,20671.0,254707
2024-04-12,20672.0,20808.0,20537.0,20589.0,256711
2024-04-13,20590.0,20590.0,20489.0,20489.0,34588
2024-04-15,20528.0,20604.0,20460.0,20512.0,217404
2024-04-16,20512.0,20522.0,19797.0,19918.0,367047
2024-04-17,19917.0,20284.0,19865.0,20041.0,242269
2024-04-18,20041.0,20450.0,19915.0,20062.0,484706
2024-04-19,20061.0,20079.0,19269.0,19653.0,578954
2024-04-20,19652.0,19692.0,19560.0,19587.0,39863
2024-04-22,19627.0,19716.0,19447.0,19579.0,331669
2024-04-23,19579.0,19855.0,19554.0,19828.0,309992
2024-04-24,19828.0,20202.0,19823.0,19947.0,338029
2024-04-25,19946.0,20038.0,19708.0,19898.0,422153
2024-04-26,19899.0,20270.0,19890.0,20231.0,377606
2024-04-27,20231.0,20266.0,20216.0,20255.0,20547
2024-04-29,20345.0,20559.0,20309.0,20469.0,250523
2024-04-30,20469.0,20576.0,20340.0,20403.0,264590
2024-05-01,20402.0,20407.0,20265.0,20270.0,37610
2024-05-02,20259.0,20390.0,20192.0,20342.0,276151
2024-05-03,20340.0,20618.0,20305.0,20605.0,374638
2024-05-04,20605.0,20694.0,20596.0,20685.0,28992
2024-05-06,20686.0,20735.0,20562.0,20726.0,222129
2024-05-07,20725.0,20759.0,20537.0,20652.0,236097
2024-05-08,20652.0,20757.0,20574.0,20702.0,234242
2024-05-09,20701.0,20763.0,20560.0,20639.0,239915
2024-05-10,20639.0,20984.0,20617.0,20941.0,270698
2024-05-11,20941.0,20959.0,20909.0,20947.0,15963
2024-05-13,20938.0,20965.0,20834.0,20905.0,170883
2024-05-14,20904.0,21072.0,20853.0,21061.0,175342
2024-05-15,21060.0,21462.0,21054.0,21440.0,250654
2024-05-16,21439.0,21557.0,21304.0,21403.0,294799
2024-05-17,21402.0,21460.0,21273.0,21402.0,232793
2024-05-18,21402.0,21407.0,21336.0,21387.0,20492
2024-05-20,21437.0,21485.0,21154.0,21348.0,267498
2024-05-21,21348.0,21387.0,21165.0,21289.0,211902
2024-05-22,21288.0,21614.0,21270.0,21543.0,235517
2024-05-23,21543.0,21692.0,21433.0,21571.0,291698
2024-05-24,21572.0,21698.0,21391.0,21657.0,267722
2024-05-25,21657.0,21692.0,21636.0,21657.0,21861
2024-05-27,21673.0,21929.0,21655.0,21918.0,183067
2024-05-28,21918.0,21995.0,21846.0,21933.0,192513
2024-05-29,21933.0,21940.0,21547.0,21571.0,282989
2024-05-30,21572.0,21614.0,21367.0,21558.0,303391
2024-05-31,21557.0,21642.0,21178.0,21183.0,384631
2024-06-01,21182.0,21377.0,21130.0,21353.0,50213
2024-06-03,21470.0,21698.0,21425.0,21501.0,296786
2024-06-04,21501.0,21578.0,21136.0,21200.0,407349
2024-06-05,21200.0,21787.0,21172.0,21762.0,382935
2024-06-06,21762.0,21961.0,21722.0,21825.0,328763
2024-06-07,21825.0,21928.0,21733.0,21850.0,268951
2024-06-08,21848.0,21871.0,21754.0,21798.0,28194
2024-06-11,21920.0,21970.0,21647.0,21671.0,253752
2024-06-12,21671.0,22310.0,21666.0,22292.0,306186
2024-06-13,22291.0,22473.0,22193.0,22258.0,354403
2024-06-14,22259.0,22513.0,22182.0,22418.0,280296
2024-06-15,22419.0,22476.0,22407.0,22460.0,19354
2024-06-17,22415.0,22622.0,22415.0,22590.0,192102
2024-06-18,22590.0,23008.0,22587.0,22985.0,259983
2024-06-19,22985.0,23291.0,22934.0,23119.0,240703
2024-06-20,23120.0,23400.0,23105.0,23134.0,299397
2024-06-21,23134.0,23291.0,22680.0,23117.0,421246
2024-06-22,23117.0,23134.0,22966.0,23031.0,34278
2024-06-24,23050.0,23073.0,22681.0,22762.0,333992
2024-06-25,22762.0,22776.0,22409.0,22717.0,366574
2024-06-26,22717.0,23004.0,22612.0,22731.0,375615
2024-06-27,22731.0,22968.0,22555.0,22834.0,339356
2024-06-28,22833.0,23115.0,22792.0,23036.0,329231
2024-06-29,23034.0,23063.0,22850.0,22944.0,47668
2024-07-01,22962.0,23168.0,22800.0,22879.0,289014
2024-07-02,22878.0,22992.0,22717.0,22956.0,340133
2024-07-03,22956.0,23478.0,22925.0,23477.0,299850
2024-07-04,23476.0,23697.0,23438.0,23620.0,254352
2024-07-05,23620.0,23677.0,23462.0,23554.0,229122
2024-07-06,23555.0,23586.0,23532.0,23562.0,19223
2024-07-08,23545.0,24053.0,23513.0,23897.0,294199
2024-07-09,23896.0,24092.0,23624.0,23754.0,359890
2024-07-10,23755.0,24195.0,23701.0,24179.0,314535
2024-07-11,24178.0,24449.0,24018.0,24033.0,374761
2024-07-12,24034.0,24155.0,23782.0,24096.0,378672
2024-07-13,24096.0,24185.0,24018.0,24052.0,47293
2024-07-15,24080.0,24111.0,23755.0,23929.0,319569
2024-07-16,23928.0,24183.0,23703.0,23992.0,355967
2024-07-17,23992.0,24086.0,23355.0,23384.0,354607
2024-07-18,23383.0,23593.0,22872.0,22917.0,624860
2024-07-19,22916.0,23185.0,22693.0,22861.0,544456
2024-07-20,22862.0,22883.0,22729.0,22781.0,39597
2024-07-22,22856.0,22905.0,22184.0,22552.0,498716
2024-07-23,22553.0,22871.0,22522.0,22775.0,357145
2024-07-24,22776.0,22805.0,22694.0,22718.0,26236
2024-07-26,22050.0,22327.0,21918.0,22241.0,354797
2024-07-27,22241.0,22350.0,22203.0,22251.0,41494
2024-07-29,22420.0,22518.0,21884.0,21993.0,354339
2024-07-30,21992.0,22320.0,21809.0,21888.0,436246
2024-07-31,21888.0,22567.0,21785.0,22522.0,411421
2024-08-01,22523.0,22728.0,22202.0,22226.0,439005
2024-08-02,22227.0,22269.0,20952.0,21248.0,604974
2024-08-03,21247.0,21273.0,21072.0,21080.0,61056
2024-08-05,20666.0,20740.0,18827.0,20016.0,829783
2024-08-06,20017.0,20792.0,19600.0,20426.0,800358
2024-08-07,20424.0,21434.0,20230.0,21214.0,624732
2024-08-08,21214.0,21304.0,20551.0,21302.0,613774
2024-08-09,21302.0,21819.0,21014.0,21448.0,572669
2024-08-10,21446.0,21675.0,21422.0,21575.0,47845
2024-08-12,21595.0,21924.0,21561.0,21870.0,350831
2024-08-13,21869.0,21971.0,21662.0,21955.0,313737
2024-08-14,21954.0,22210.0,21732.0,22021.0,396952
2024-08-15,22020.0,22335.0,21757.0,22320.0,352718
2024-08-16,22320.0,22445.0,22168.0,22327.0,301665
2024-08-17,22326.0,22402.0,22306.0,22344.0,26901
2024-08-19,22405.0,22522.0,22222.0,22434.0,244176
2024-08-20,22436.0,22579.0,22255.0,22352.0,229915
2024-08-21,22350.0,22364.0,22015.0,22179.0,257528
2024-08-22,22178.0,22300.0,21854.0,21923.0,330023
2024-08-23,21924.0,22439.0,21766.0,22279.0,366876
2024-08-24,22278.0,22314.0,22176.0,22292.0,38895
2024-08-26,22243.0,22450.0,22029.0,22053.0,272427
2024-08-27,22053.0,22300.0,21993.0,22214.0,282435
2024-08-28,22215.0,22553.0,22049.0,22308.0,317200
2024-08-29,22307.0,22476.0,21885.0,22429.0,354195
2024-08-30,22429.0,22463.0,22140.0,22179.0,280508
2024-08-31,22179.0,22306.0,22095.0,22296.0,41638
2024-09-02,22323.0,22447.0,22060.0,22220.0,206915
2024-09-03,22220.0,22313.0,21486.0,21552.0,342278
2024-09-04,21552.0,21594.0,20827.0,21259.0,481331
2024-09-05,21257.0,21471.0,21055.0,21257.0,389626
2024-09-06,21259.0,21530.0,20731.0,20825.0,469880
2024-09-07,20825.0,20844.0,20549.0,20550.0,60893
2024-09-09,20730.0,21329.0,20610.0,21247.0,313537
2024-09-10,21247.0,21350.0,20866.0,20869.0,370954
2024-09-11,20867.0,21277.0,20818.0,21149.0,383036
2024-09-12,21149.0,21791.0,21147.0,21677.0,353092
2024-09-13,21676.0,21894.0,21657.0,21862.0,210177
2024-09-14,21862.0,21890.0,21800.0,21836.0,21783
2024-09-16,21820.0,21870.0,21600.0,21642.0,150006
2024-09-17,21643.0,21768.0,21621.0,21725.0,21694
2024-09-18,21735.0,21873.0,21559.0,21663.0,159925
2024-09-19,21663.0,22313.0,21605.0,22280.0,350988
2024-09-20,22280.0,22434.0,22099.0,22191.0,260117
2024-09-21,22193.0,22283.0,22160.0,22197.0,28125
2024-09-23,22298.0,22392.0,22196.0,22359.0,195025
2024-09-24,22358.0,22823.0,22151.0,22802.0,294998
2024-09-25,22803.0,23032.0,22739.0,22950.0,238511
2024-09-26,22947.0,23395.0,22873.0,23268.0,316058
2024-09-27,23268.0,23279.0,22703.0,22781.0,320038
2024-09-28,22782.0,22878.0,22633.0,22645.0,41936
2024-09-30,22677.0,22755.0,22089.0,22121.0,292947
2024-10-01,22121.0,22463.0,21888.0,22001.0,328217
2024-10-02,22000.0,22200.0,21940.0,22101.0,48541
2024-10-04,22325.0,22661.0,22236.0,22500.0,301735
2024-10-05,22500.0,22570.0,22452.0,22522.0,26519
2024-10-07,22562.0,22807.0,22530.0,22653.0,242979
2024-10-08,22654.0,22799.0,22394.0,22790.0,274722
2024-10-09,22790.0,22886.0,22573.0,22776.0,247555
2024-10-10,22777.0,22835.0,22706.0,22782.0,27714
2024-10-11,22824.0,23048.0,22796.0,22991.0,198342
2024-10-12,22990.0,23077.0,22959.0,23036.0,20855
2024-10-14,23001.0,23188.0,22820.0,23147.0,185708
2024-10-15,23147.0,23385.0,22808.0,22864.0,232219
2024-10-16,22863.0,23250.0,22818.0,23188.0,210422
2024-10-17,23188.0,23988.0,23003.0,23973.0,325293
2024-10-18,23973.0,23982.0,23529.0,23759.0,281044
2024-10-19,23760.0,23790.0,23690.0,23738.0,17841
2024-10-21,23810.0,23837.0,23430.0,23571.0,219626
2024-10-22,23570.0,23688.0,23332.0,23569.0,248509
2024-10-23,23570.0,23633.0,23228.0,23381.0,265275
2024-10-24,23382.0,23448.0,23133.0,23279.0,268488
2024-10-25,23280.0,23709.0,23206.0,23658.0,220145
2024-10-26,23659.0,23663.0,23510.0,23551.0,34487
2024-10-28,23644.0,23660.0,23124.0,23158.0,258385
2024-10-29,23156.0,23245.0,22691.0,23035.0,304968
2024-10-30,23035.0,23143.0,22635.0,22833.0,273830
2024-10-31,22832.0,22840.0,22665.0,22701.0,27294
2024-11-01,22406.0,22987.0,22233.0,22918.0,270134
2024-11-02,22918.0,22947.0,22743.0,22785.0,26223
2024-11-04,22790.0,23108.0,22700.0,22997.0,215089
2024-11-05,22999.0,23300.0,22780.0,23237.0,241239
2024-11-06,23239.0,23476.0,22937.0,23063.0,374524
2024-11-07,23062.0,23713.0,23024.0,23699.0,264081
2024-11-08,23699.0,23840.0,23507.0,23555.0,288541
2024-11-09,23554.0,23597.0,23500.0,23559.0,20267
2024-11-11,23558.0,23634.0,23078.0,23151.0,256970
2024-11-12,23152.0,23242.0,22570.0,22719.0,336902
2024-11-13,22718.0,23077.0,22664.0,22753.0,303247
2024-11-14,22753.0,22879.0,22578.0,22800.0,304378
2024-11-15,22801.0,22930.0,22583.0,22619.0,259808
2024-11-16,22619.0,22644.0,22471.0,22555.0,38181
2024-11-18,22652.0,22787.0,22339.0,22585.0,223729
2024-11-19,22585.0,22975.0,22544.0,22813.0,269368
2024-11-20,22813.0,22955.0,22496.0,22617.0,208812
2024-11-21,22618.0,22773.0,22393.0,22672.0,353783
2024-11-22,22673.0,23137.0,22650.0,23045.0,272522
2024-11-23,23045.0,23087.0,22995.0,23050.0,18010
2024-11-25,23252.0,23285.0,22802.0,22847.0,203837
2024-11-26,22846.0,22888.0,22493.0,22690.0,250309
2024-11-27,22690.0,22708.0,22191.0,22226.0,257123
2024-11-28,22224.0,22385.0,22049.0,22203.0,235592
2024-11-29,22205.0,22508.0,22003.0,22503.0,268005
2024-11-30,22503.0,22580.0,22500.0,22550.0,25734
2024-12-02,22531.0,23050.0,22498.0,23015.0,190179
2024-12-03,23015.0,23186.0,22936.0,22993.0,243229
2024-12-04,22993.0,23330.0,22987.0,23298.0,205953
2024-12-05,23299.0,23365.0,23210.0,23342.0,168047
2024-12-06,23342.0,23454.0,23135.0,23252.0,222057
2024-12-07,23253.0,23272.0,23191.0,23258.0,21551
2024-12-09,23203.0,23477.0,23170.0,23338.0,184874
2024-12-10,23338.0,23362.0,22974.0,22986.0,237150
2024-12-11,22987.0,23055.0,22800.0,22935.0,220574
2024-12-12,22939.0,23211.0,22850.0,22933.0,225394
2024-12-13,22932.0,23226.0,22884.0,23086.0,216445
2024-12-14,23084.0,23156.0,23026.0,23144.0,30163
2024-12-16,23217.0,23269.0,22946.0,23005.0,192301
2024-12-17,23005.0,23214.0,22837.0,22907.0,195626
2024-12-18,22908.0,23386.0,22891.0,23364.0,183535
2024-12-19,23362.0,23372.0,22602.0,22864.0,295221
2024-12-20,22862.0,22906.0,22520.0,22815.0,276281
2024-12-21,22816.0,22965.0,22809.0,22896.0,41526
2024-12-23,22898.0,23295.0,22897.0,23210.0,195869
2024-12-24,23208.0,23450.0,23189.0,23324.0,176312
2024-12-25,23325.0,23420.0,23242.0,23387.0,101083
2024-12-26,23387.0,23400.0,23207.0,23285.0,135604
2024-12-27,23285.0,23395.0,23090.0,23174.0,172382
2024-12-28,23173.0,23232.0,23115.0,23210.0,30325
2024-12-30,23209.0,23322.0,22921.0,22982.0,155991
2024-12-31,22982.0,23167.0,22956.0,23079.0,178738
2025-01-01,23079.0,23093.0,22932.0,22983.0,33204
2025-01-02,22939.0,22997.0,22690.0,22944.0,225542
2025-01-03,22945.0,23143.0,22731.0,23125.0,233183
2025-01-04,23125.0,23246.0,23120.0,23228.0,24685
2025-01-06,23234.0,23956.0,23218.0,23923.0,218868
2025-01-07,23923.0,23993.0,23553.0,23635.0,219800
2025-01-08,23636.0,23677.0,23272.0,23337.0,245765
2025-01-09,23337.0,23410.0,23006.0,23150.0,198738
2025-01-10,23150.0,23175.0,22800.0,22927.0,239544
2025-01-11,22925.0,23003.0,22850.0,22930.0,32655
2025-01-13,22978.0,23008.0,22316.0,22428.0,270447
2025-01-14,22428.0,22821.0,22362.0,22638.0,199139
2025-01-15,22638.0,22955.0,22493.0,22931.0,202200
2025-01-16,22932.0,23529.0,22885.0,23332.0,302640
2025-01-17,23333.0,23380.0,22956.0,23340.0,243327
2025-01-18,23339.0,23346.0,23220.0,23251.0,15952
2025-01-20,23260.0,23439.0,23171.0,23360.0,162601
2025-01-21,23359.0,23482.0,23203.0,23461.0,191977
2025-01-22,23462.0,23820.0,23450.0,23750.0,168293
2025-01-23,23748.0,23842.0,23735.0,23806.0,17634
2025-02-04,22901.0,23027.0,22709.0,22999.0,179354
2025-02-05,22999.0,23282.0,22999.0,23245.0,181330
2025-02-06,23246.0,23378.0,23234.0,23280.0,154507
2025-02-07,23280.0,23526.0,23246.0,23296.0,167998
2025-02-08,23296.0,23325.0,23209.0,23240.0,36210
2025-02-10,23319.0,23428.0,23168.0,23414.0,150777
2025-02-11,23414.0,23503.0,23214.0,23415.0,171869
2025-02-12,23416.0,23536.0,23150.0,23295.0,210560
2025-02-13,23296.0,23455.0,23228.0,23343.0,199001
2025-02-14,23342.0,23387.0,23065.0,23200.0,198275
2025-02-15,23200.0,23348.0,23134.0,23307.0,28734
2025-02-17,23293.0,23562.0,23281.0,23522.0,117186
2025-02-18,23523.0,23703.0,23466.0,23567.0,120657
2025-02-19,23565.0,23698.0,23513.0,23562.0,127144
2025-02-20,23562.0,23644.0,23372.0,23491.0,201442
2025-02-21,23491.0,23783.0,23468.0,23662.0,173082
2025-02-22,23663.0,23683.0,23421.0,23489.0,44461
2025-02-24,23545.0,23594.0,23264.0,23282.0,182556
2025-02-25,23282.0,23403.0,23070.0,23154.0,241007
2025-02-26,23155.0,23552.0,23050.0,23544.0,221291
2025-02-27,23546.0,23590.0,22893.0,22963.0,287836
2025-02-28,22963.0,23022.0,22602.0,22611.0,44308
2025-03-03,22649.0,22798.0,22417.0,22576.0,250830
2025-03-04,22577.0,22682.0,22109.0,22447.0,333784
2025-03-05,22447.0,22962.0,22369.0,22832.0,300995
2025-03-06,22831.0,23030.0,22483.0,22642.0,281697
2025-03-07,22643.0,22700.0,22367.0,22443.0,283896
2025-03-08,22442.0,22578.0,22242.0,22578.0,69551
2025-03-10,22456.0,22548.0,22099.0,22121.0,235657
2025-03-11,22122.0,22161.0,21661.0,22000.0,363676
2025-03-12,22002.0,22444.0,21835.0,22388.0,303936
2025-03-13,22388.0,22475.0,21857.0,21933.0,335272
2025-03-14,21934.0,22211.0,21875.0,22182.0,251957
2025-03-15,22185.0,22215.0,22144.0,22208.0,19963
2025-03-17,22168.0,22342.0,22098.0,22297.0,196021
2025-03-18,22296.0,22438.0,22093.0,22144.0,189100
2025-03-19,22146.0,22249.0,21945.0,22154.0,181088
2025-03-20,22153.0,22418.0,22071.0,22316.0,273356
2025-03-21,22316.0,22376.0,22017.0,22076.0,241976
2025-03-22,22075.0,22211.0,22054.0,22198.0,30527
2025-03-24,22298.0,22398.0,22125.0,22338.0,193244
2025-03-25,22339.0,22444.0,22202.0,22328.0,216690
2025-03-26,22330.0,22428.0,22088.0,22094.0,204681
2025-03-27,22095.0,22098.0,21786.0,21827.0,266142
2025-03-28,21825.0,21896.0,21283.0,21300.0,300737
2025-03-29,21300.0,21338.0,21130.0,21136.0,44649
2025-03-31,20863.0,21065.0,20688.0,20965.0,315861
2025-04-01,20965.0,21365.0,20887.0,21335.0,298186
2025-04-02,21335.0,21484.0,21188.0,21462.0,265021
2025-04-03,21463.0,21668.0,20806.0,20850.0,102323
2025-04-07,19167.0,19287.0,17567.0,18387.0,397422
2025-04-08,18390.0,18847.0,18003.0,18660.0,550726
2025-04-09,18659.0,18663.0,17015.0,17335.0,763849
2025-04-10,17334.0,19747.0,17327.0,18722.0,374158
2025-04-11,18719.0,19586.0,18384.0,19435.0,625562
2025-04-12,19435.0,19580.0,19357.0,19535.0,55828
2025-04-14,19796.0,19981.0,19381.0,19424.0,305876
2025-04-15,19424.0,19909.0,19346.0,19843.0,251464
2025-04-16,19841.0,19883.0,19181.0,19361.0,245952
2025-04-17,19360.0,19583.0,19002.0,19326.0,356344
2025-04-18,19325.0,19452.0,19273.0,19337.0,142737
2025-04-19,19336.0,19402.0,19335.0,19366.0,5391
2025-04-21,19345.0,19367.0,18772.0,18797.0,221130
2025-04-22,18798.0,19056.0,18752.0,19028.0,254213
2025-04-23,19030.0,19775.0,18962.0,19572.0,323345
2025-04-24,19572.0,19811.0,19354.0,19790.0,276400
2025-04-25,19788.0,20008.0,19752.0,19876.0,276291
2025-04-26,19877.0,20071.0,19857.0,20051.0,49735
2025-04-28,19972.0,20065.0,19825.0,19882.0,183094
2025-04-29,19882.0,20206.0,19832.0,20143.0,213031
2025-04-30,20142.0,20266.0,19923.0,20088.0,257392
2025-05-01,20089.0,20433.0,20020.0,20415.0,49826
2025-05-02,20469.0,20887.0,20468.0,20833.0,209896
2025-05-03,20833.0,20900.0,20783.0,20840.0,29796
2025-05-05,20767.0,20798.0,20207.0,20279.0,283928
2025-05-06,20278.0,20483.0,20139.0,20314.0,258974
2025-05-07,20315.0,20558.0,20228.0,20380.0,269636
2025-05-08,20380.0,20796.0,20251.0,20762.0,293296
2025-05-09,20762.0,20885.0,20597.0,20801.0,240676
2025-05-10,20801.0,20812.0,20742.0,20796.0,19724
2025-05-12,21006.0,21447.0,20978.0,21386.0,224236
2025-05-13,21387.0,21688.0,21288.0,21687.0,221493
2025-05-14,21687.0,21889.0,21580.0,21820.0,219890
2025-05-15,21820.0,21845.0,21630.0,21738.0,174203
2025-05-16,21740.0,21931.0,21679.0,21831.0,180180
2025-05-17,21831.0,21899.0,21820.0,21825.0,14856
2025-05-19,21692.0,21747.0,21475.0,21674.0,181421
2025-05-20,21674.0,21786.0,21505.0,21591.0,155504
2025-05-21,21591.0,21852.0,21492.0,21703.0,154363
2025-05-22,21703.0,21727.0,21332.0,21509.0,232146
2025-05-23,21508.0,21640.0,21072.0,21201.0,266458
2025-05-24,21200.0,21329.0,21178.0,21247.0,29235
2025-05-26,21450.0,21562.0,21334.0,21383.0,141511
2025-05-27,21381.0,21438.0,21132.0,21335.0,187485
2025-05-28,21335.0,21512.0,21150.0,21228.0,214862
2025-05-29,21228.0,21615.0,20944.0,20953.0,280214
2025-05-30,20952.0,21114.0,20933.0,21068.0,32312
2025-06-02,20972.0,21049.0,20790.0,21003.0,193549
2025-06-03,21004.0,21230.0,20958.0,21228.0,211842
2025-06-04,21228.0,21576.0,21201.0,21529.0,193612
2025-06-05,21529.0,21752.0,21501.0,21740.0,191473
2025-06-06,21740.0,21745.0,21501.0,21685.0,169004
2025-06-07,21685.0,21701.0,21620.0,21661.0,15948
2025-06-09,21666.0,21853.0,21626.0,21825.0,134751
2025-06-10,21827.0,22260.0,21818.0,22194.0,194991
2025-06-11,22195.0,22491.0,22176.0,22430.0,191313
2025-06-12,22430.0,22442.0,22135.0,22299.0,175717
2025-06-13,22299.0,22338.0,21893.0,22116.0,223310
2025-06-14,22115.0,22146.0,21968.0,21984.0,28811
2025-06-16,22045.0,22277.0,21868.0,22229.0,147042
2025-06-17,22230.0,22260.0,22061.0,22155.0,161623
2025-06-18,22156.0,22385.0,21740.0,21854.0,190555
2025-06-19,21854.0,21918.0,21478.0,21479.0,185845
2025-06-20,21478.0,21788.0,21408.0,21470.0,264819
2025-06-21,21469.0,21523.0,21412.0,21459.0,26854
2025-06-23,21343.0,21574.0,21206.0,21496.0,205010
2025-06-24,21495.0,22075.0,21350.0,22038.0,240005
2025-06-25,22038.0,22215.0,22017.0,22154.0,169972
2025-06-26,22154.0,22264.0,22009.0,22134.0,186612
2025-06-27,22134.0,22220.0,21988.0,22190.0,191672
2025-06-28,22191.0,22217.0,22075.0,22137.0,26992
2025-06-30,22235.0,22257.0,22012.0,22124.0,142653
2025-07-01,22125.0,22592.0,22063.0,22271.0,225855
2025-07-02,22270.0,22480.0,22208.0,22470.0,172891
2025-07-03,22471.0,22875.0,22460.0,22847.0,184213
2025-07-04,22848.0,22853.0,22316.0,22380.0,181148
2025-07-05,22380.0,22400.0,22318.0,22354.0,9517
2025-07-07,22345.0,22505.0,22246.0,22371.0,164734
2025-07-08,22371.0,22415.0,22142.0,22257.0,203890
2025-07-09,22256.0,22567.0,22146.0,22436.0,199127
2025-07-10,22435.0,22694.0,22408.0,22632.0,191786
2025-07-11,22631.0,22772.0,22487.0,22666.0,171329
2025-07-12,22666.0,22707.0,22638.0,22640.0,11649
2025-07-14,22656.0,22695.0,22461.0,22562.0,137424
2025-07-15,22561.0,22936.0,22512.0,22885.0,170868
2025-07-16,22884.0,23118.0,22811.0,22918.0,150724
2025-07-17,22919.0,23393.0,22866.0,23375.0,208233
2025-07-18,23377.0,23414.0,23178.0,23252.0,149660
2025-07-19,23252.0,23253.0,23191.0,23194.0,10968
2025-07-21,23231.0,23395.0,23173.0,23326.0,118009
2025-07-22,23327.0,23407.0,22862.0,23005.0,228526
2025-07-23,23005.0,23292.0,22975.0,23282.0,176609
2025-07-24,23283.0,23405.0,23190.0,23260.0,158039
2025-07-25,23262.0,23354.0,23190.0,23333.0,141136
2025-07-26,23333.0,23368.0,23323.0,23348.0,11764
2025-07-28,23372.0,23483.0,23246.0,23306.0,150795
2025-07-29,23306.0,23359.0,23027.0,23188.0,196693
2025-07-30,23188.0,23420.0,23164.0,23336.0,184871
2025-07-31,23337.0,23683.0,23222.0,23469.0,236359
2025-08-01,23468.0,23493.0,22980.0,23140.0,266146
2025-08-02,23140.0,23162.0,23021.0,23088.0,26778
2025-08-04,23114.0,23387.0,23032.0,23381.0,143848
2025-08-05,23381.0,23621.0,23362.0,23421.0,185378
2025-08-06,23420.0,23482.0,23292.0,23379.0,163782
2025-08-07,23378.0,24132.0,23364.0,23996.0,219816
2025-08-08,23995.0,24095.0,23906.0,23979.0,135784
2025-08-09,23981.0,24018.0,23961.0,24011.0,11783
2025-08-11,23967.0,24222.0,23833.0,24162.0,155204
2025-08-12,24162.0,24292.0,24071.0,24275.0,172244
2025-08-13,24275.0,24439.0,24154.0,24344.0,189566
2025-08-14,24343.0,24363.0,24194.0,24277.0,150330
2025-08-15,24278.0,24384.0,24138.0,24178.0,162163
2025-08-16,24177.0,24197.0,24142.0,24151.0,12767
2025-08-18,24196.0,24462.0,24176.0,24402.0,128554
2025-08-19,24401.0,24447.0,24267.0,24282.0,122007
2025-08-20,24282.0,24294.0,23529.0,23630.0,214257
2025-08-21,23630.0,23943.0,23627.0,23828.0,211998
2025-08-22,23827.0,24108.0,23708.0,24060.0,233679
2025-08-23,24060.0,24122.0,24034.0,24116.0,19543
2025-08-25,24123.0,24313.0,24071.0,24234.0,165877
2025-08-26,24234.0,24342.0,24090.0,24318.0,158988
2025-08-27,24318.0,24496.0,24282.0,24451.0,154023
2025-08-28,24451.0,24488.0,24204.0,24403.0,207572
2025-08-29,24403.0,24453.0,24033.0,24073.0,210490
2025-08-30,24071.0,24120.0,24055.0,24064.0,13718
2025-09-01,24130.0,24246.0,23847.0,24076.0,184936
2025-09-02,24078.0,24250.0,23690.0,23743.0,282921
2025-09-03,23745.0,24188.0,23741.0,24109.0,225772
2025-09-04,24109.0,24365.0,24000.0,24232.0,244015
2025-09-05,24231.0,24548.0,24209.0,24387.0,232721
2025-09-06,24389.0,24507.0,24385.0,24474.0,23582
2025-09-08,24579.0,24678.0,24516.0,24674.0,152533
2025-09-09,24675.0,24880.0,24646.0,24866.0,191982
2025-09-10,24867.0,25475.0,24860.0,25436.0,212867
2025-09-11,25436.0,25465.0,25176.0,25405.0,218719
2025-09-12,25405.0,25465.0,25318.0,25382.0,149525
2025-09-13,25382.0,25441.0,25370.0,25383.0,11045
2025-09-15,25405.0,25450.0,25270.0,25426.0,138875
2025-09-16,25425.0,25663.0,25390.0,25515.0,138226
2025-09-17,25514.0,25615.0,25400.0,25538.0,133118
2025-09-18,25538.0,25888.0,25350.0,25798.0,313512
2025-09-19,25799.0,25862.0,25635.0,25719.0,178788
2025-09-20,25720.0,25755.0,25712.0,25740.0,11158
2025-09-22,25757.0,25940.0,25689.0,25911.0,158608
2025-09-23,25911.0,26544.0,25905.0,26437.0,252303
2025-09-24,26438.0,26465.0,26072.0,26136.0,234313
2025-09-25,26136.0,26282.0,25845.0,26049.0,238639
2025-09-26,26049.0,26065.0,25500.0,25673.0,289295
2025-09-27,25670.0,25790.0,25666.0,25739.0,19451
2025-09-30,25792.0,26125.0,25792.0,26072.0,166485
2025-10-01,26071.0,26375.0,25918.0,26322.0,253460
2025-10-02,26323.0,26607.0,26321.0,26464.0,236846
2025-10-03,26463.0,26846.0,26388.0,26780.0,214228
2025-10-04,26780.0,26794.0,26632.0,26677.0,25607
2025-10-07,27217.0,27397.0,26998.0,27070.0,207587
2025-10-08,27069.0,27356.0,26909.0,27347.0,218123
2025-10-09,27347.0,27456.0,27125.0,27203.0,211058
2025-10-10,27203.0,27203.0,27058.0,27106.0,24926
2025-10-13,26424.0,27195.0,26380.0,27189.0,227079
2025-10-14,27188.0,27450.0,26500.0,26892.0,316822
2025-10-15,26891.0,27565.0,26736.0,27383.0,248704
2025-10-16,27384.0,27878.0,27230.0,27592.0,371293
2025-10-17,27594.0,27649.0,27037.0,27386.0,373022
2025-10-18,27388.0,27483.0,27328.0,27455.0,39043
2025-10-20,27459.0,27952.0,27432.0,27903.0,218702
2025-10-21,27903.0,28036.0,27727.0,27846.0,253804
2025-10-22,27845.0,27874.0,27454.0,27516.0,289090
2025-10-23,27519.0,27728.0,27311.0,27704.0,259679
2025-10-24,27705.0,27804.0,27700.0,27732.0,23016
2025-10-27,28234.0,28288.0,28065.0,28142.0,174516
2025-10-28,28142.0,28320.0,27952.0,28094.0,193333
2025-10-29,28095.0,28525.0,28092.0,28418.0,202173
2025-10-30,28419.0,28551.0,28181.0,28236.0,287701
2025-10-31,28236.0,28589.0,28200.0,28266.0,237630
2025-11-01,28266.0,28330.0,28148.0,28262.0,41531
2025-11-03,28380.0,28583.0,28230.0,28422.0,208025
2025-11-04,28421.0,28595.0,28006.0,28163.0,304426
2025-11-05,28162.0,28202.0,27414.0,28045.0,331220
2025-11-06,28045.0,28158.0,27725.0,27731.0,273050
2025-11-07,27733.0,27837.0,27286.0,27307.0,340740
2025-11-08,27306.0,27558.0,27155.0,27553.0,72508
2025-11-10,27765.0,28038.0,27716.0,27849.0,205754
2025-11-11,27849.0,28180.0,27702.0,27789.0,270660
2025-11-12,27789.0,28176.0,27775.0,28012.0,223888
2025-11-13,28011.0,28098.0,27657.0,27694.0,271462
2025-11-14,27693.0,27705.0,26954.0,27481.0,363511
2025-11-15,27482.0,27600.0,27392.0,27495.0,54759
2025-11-17,27581.0,27692.0,27258.0,27387.0,264314
2025-11-18,27385.0,27496.0,26695.0,26808.0,356040
2025-11-19,26808.0,27072.0,26536.0,26948.0,233222
2025-11-20,26945.0,27540.0,26788.0,27382.0,305121
2025-11-21,27381.0,27387.0,26246.0,26372.0,487376
2025-11-22,26367.0,29120.0,26297.0,26476.0,73878
2025-11-24,26713.0,26954.0,26455.0,26922.0,240428
2025-11-25,26923.0,27103.0,26650.0,26861.0,288038
2025-11-26,26862.0,27463.0,26820.0,27377.0,266887
2025-11-27,27378.0,27649.0,27378.0,27555.0,182496
2025-11-28,27556.0,27855.0,27535.0,27789.0,149375
2025-11-29,27789.0,27864.0,27774.0,27786.0,23322
2025-12-01,27655.0,27687.0,27401.0,27672.0,207423
2025-12-02,27672.0,27855.0,27529.0,27812.0,220802
2025-12-03,27815.0,27888.0,27611.0,27731.0,234084
2025-12-04,27730.0,27879.0,27656.0,27773.0,192357
2025-12-05,27772.0,28182.0,27702.0,28106.0,199200
2025-12-06,28106.0,29724.0,28000.0,28100.0,33433
2025-12-08,28048.0,28333.0,28020.0,28202.0,148943
2025-12-09,28201.0,28363.0,28132.0,28216.0,147197
2025-12-10,28216.0,28447.0,28216.0,28373.0,158718
2025-12-11,28373.0,28699.0,28059.0,28258.0,274549
2025-12-12,28258.0,28345.0,27868.0,27868.0,203595
2025-12-13,27868.0,27942.0,27712.0,27719.0,63429
2025-12-15,27822.0,28030.0,27735.0,27822.0,162011
2025-12-16,27820.0,27932.0,27410.0,27690.0,222514
2025-12-17,27692.0,27960.0,27474.0,27558.0,200672
2025-12-18,27556.0,27915.0,27348.0,27875.0,292258
2025-12-19,27877.0,28177.0,27748.0,28116.0,235235
2025-12-20,28118.0,28188.0,28102.0,28123.0,23241
2025-12-22,28265.0,28399.0,28170.0,28325.0,142153
2025-12-23,28325.0,28483.0,28315.0,28447.0,135378
2025-12-24,28447.0,28588.0,28400.0,28520.0,115610
2025-12-25,28518.0,28568.0,28510.0,28534.0,11398
2025-12-26,28583.0,28720.0,28537.0,28705.0,119036
2025-12-27,28704.0,28735.0,28654.0,28707.0,15428
2025-12-29,28743.0,28997.0,28710.0,28771.0,152598
2025-12-30,28770.0,28942.0,28705.0,28934.0,143760
2025-12-31,28934.0,29095.0,28782.0,29034.0,150472
2026-01-01,29034.0,29118.0,28960.0,29005.0,20051
2026-01-02,29051.0,29795.0,29025.0,29598.0,208065
2026-01-03,29598.0,29776.0,29562.0,29775.0,33744
2026-01-05,29889.0,30488.0,29850.0,30344.0,228373
2026-01-06,30345.0,30673.0,30183.0,30539.0,199579
2026-01-07,30538.0,30676.0,30371.0,30463.0,188518
2026-01-08,30463.0,30662.0,30264.0,30403.0,213325
2026-01-09,30401.0,30696.0,30006.0,30646.0,251928
2026-01-10,30645.0,30838.0,30643.0,30821.0,27562
2026-01-12,30726.0,30983.0,30555.0,30982.0,194079
2026-01-13,30981.0,31267.0,30626.0,31021.0,260656
2026-01-14,31020.0,31163.0,30718.0,30750.0,230240
2026-01-15,30750.0,31503.0,30656.0,31474.0,247760
2026-01-16,31474.0,31541.0,31158.0,31340.0,213642
2026-01-17,31340.0,31400.0,31310.0,31344.0,20390
2026-01-19,31262.0,31772.0,31207.0,31575.0,161526
2026-01-20,31584.0,31740.0,31305.0,31462.0,202793
2026-01-21,31463.0,31888.0,31182.0,31870.0,247856
2026-01-22,31869.0,32117.0,31597.0,32078.0,298761
2026-01-23,32079.0,32250.0,31870.0,32227.0,245364
2026-01-24,32227.0,32266.0,32115.0,32234.0,32515
2026-01-26,32142.0,32343.0,32035.0,32297.0,192987
2026-01-27,32297.0,32708.0,32207.0,32705.0,193878
2026-01-28,32706.0,33152.0,32665.0,32906.0,231842
2026-01-29,32910.0,33052.0,32017.0,32068.0,328497
2026-01-30,32066.0,32525.0,31855.0,32168.0,383263
2026-01-31,32169.0,32187.0,31701.0,31867.0,81196
2026-02-02,31900.0,32253.0,31392.0,32165.0,309543
2026-02-03,32166.0,32496.0,32004.0,32188.0,301123
2026-02-04,32186.0,32612.0,31739.0,32252.0,327534
2026-02-05,32253.0,32255.0,31484.0,31639.0,435050
2026-02-06,31640.0,32465.0,31222.0,32419.0,384709
2026-02-07,32418.0,32639.0,32408.0,32634.0,30207
2026-02-09,32849.0,32955.0,32454.0,32946.0,220789
2026-02-10,32946.0,33460.0,32866.0,33294.0,242687
2026-02-11,33292.0,33984.0,33233.0,33815.0,218666
2026-02-12,33819.0,33980.0,33728.0,33980.0,29570
2026-02-23,34150.0,34327.0,33837.0,33969.0,157546
2026-02-24,33970.0,35234.0,33822.0,35194.0,289023
2026-02-25,35196.0,35775.0,35062.0,35530.0,287808
2026-02-26,35530.0,35878.0,34909.0,35122.0,314197
2026-02-27,35123.0,35244.0,34947.0,35080.0,57018
2026-03-02,34732.0,35497.0,34620.0,34755.0,204399
